2,5498.82,5921.39
1,5506.41,5938.85
4,5508.86,5955.22
5,5494.7,5931.1
3,5492.32,5901.06
7,5484.26,5907.37
6,5490.58,5882.61
9,5478.83,5885.64
8,5530.03,5983.59
10,5485.46,5942.5
15,5509.89,5971.73
11,5466.92,5912.03
12,5491.4,5871.45
14,5477.75,5868.62
13,5457.89,5885.03
18,5549.45,6003.74
23,5534.16,5995.51
16,5454.82,5862.44
17,5442.25,5918.76
26,5472.56,5957.48
19,5421.94,5879.54
22,5480.45,5858.47
29,5499.31,5870.75
20,5425.79,5854.95
21,5453.91,5844.37
34,5511.04,5987.71
24,5421.17,5830
30,5377.56,5883.16
31,5415.28,5928.18
183,5551.93,6011.43
327,5563.49,6016.78
25,5396.09,5846.1
27,5371.15,5849.27
28,5387.98,5820.68
33,5417.76,5808.34
39,5455.82,5833.39
46,5487.94,5859.41
272,5534.44,6006.11
37,5370.78,5782.98
32,5358.58,5818.9
50,5443.93,5961.42
64,5484.79,5983.8
35,5332.61,5820.6
38,5324.78,5839.45
36,5341.08,5784.71
148,5512,5882.58
282,5504.34,5876.98
41,5304.78,5858.31
43,5350.14,5900.58
69,5390.51,5938.48
40,5307.25,5786.01
48,5374.03,5762.69
57,5414.76,5792.95
2142,5513.26,6001.96
42,5287.01,5802.19
44,5312.97,5742.46
45,5292.78,5750.75
52,5324.24,5727.3
47,5261.46,5816.32
157,5443.53,5818.73
172,5473.97,5847.65
49,5268.94,5752.72
51,5255.1,5765.71
59,5226.51,5828.65
66,5273.9,5872.96
53,5226.41,5776.19
100,5324.11,5914.28
54,5263.03,5710.41
58,5271.37,5691.83
55,5248.03,5722.55
1791,5494.25,5866.97
62,5186.65,5784.88
73,5327.85,5710.51
84,5372.99,5748.86
56,5227.76,5731.49
143,5462.12,5984.16
151,5423.73,5967.4
60,5198.44,5738.61
76,5272.44,5668.21
65,5155.91,5742.98
61,5217.15,5684.75
67,5222.3,5663.86
63,5203.7,5698.91
68,5178.06,5704.87
173,5407.28,5782.31
77,5217.73,5634.01
83,5134.51,5791.95
93,5183.98,5840.26
72,5134.1,5703.42
71,5173.75,5664.29
74,5177.52,5643.21
79,5101.12,5745.49
70,5164.62,5678.55
4561,5491.13,5999.21
80,5076.89,5701.62
128,5242.42,5885.99
81,5172.1,5613.88
75,5125.17,5671.23
216,5372.94,5949.2
78,5129.52,5647.92
82,5134.23,5626.54
87,5057.18,5655.56
107,5277.02,5651.77
110,5329.43,5700.11
85,5131.35,5600.35
86,5076.64,5630.6
103,5200.62,5588.84
91,5152.24,5572.04
88,5088.41,5611.19
97,5009.41,5699.83
101,5031.31,5745.94
94,4992.89,5656.4
90,5117.57,5566.11
89,5090.67,5588.52
126,5065.11,5798.77
200,5367.38,5739.75
95,5082.02,5559.3
96,5036.27,5590.02
98,5010.7,5604.32
99,4972.57,5614.83
92,5054.33,5578.84
102,5042.02,5551.02
105,5069.51,5529.19
111,5085.11,5518.67
120,5108.88,5507.71
104,5005.65,5550.68
160,5147.85,5855.11
112,4915.4,5612.99
115,4919.14,5650.62
108,5029.14,5516.47
106,4973.44,5559.88
123,4926.46,5693.46
109,4941.17,5572.75
114,4911.64,5583.27
1759,5301.9,5928.51
136,4941.02,5739.81
113,4982.29,5509.29
137,5137.15,5500.2
147,5225.74,5585.1
116,4939.1,5512.85
118,5023.16,5483.35
117,4903.08,5526.08
141,5289.88,5653.44
122,4965.29,5464.44
119,4873.34,5544.84
232,5324.72,5691.8
130,5029.33,5451.84
121,4853.06,5568.64
124,4839.84,5599.8
125,4906.95,5458.31
133,4827.57,5637.68
127,4859.81,5470.01
129,4827.47,5494.28
132,4957.24,5418.46
131,4801.38,5520.48
154,5037.78,5411.95
134,4775.76,5547.8
135,4885.68,5398.97
145,4827.2,5682.83
142,4746.3,5578.68
140,4805.65,5391.82
174,4953.94,5782.49
209,5051.95,5830.37
138,4774.17,5433.8
1571,5209.24,5896.44
139,4751.89,5468.62
146,4955.34,5369.67
144,4725.37,5495.84
153,4878.45,5340.15
164,4705.92,5616.72
150,4688.14,5519.97
156,4798.25,5318.68
177,4839.35,5730.05
179,5080.31,5412.1
194,5159.55,5495.2
152,4693.65,5413.26
155,4703.46,5362.76
149,4688.56,5450.95
159,4709.84,5299.21
227,5276.34,5634.81
162,4640.34,5546.49
1968,5445.62,5985.36
4595,5469.63,5997.23
158,4646.96,5464.34
186,4721.29,5675.94
165,4875.62,5281.76
167,4946.85,5312.53
301,5222.94,5566.26
4646,5512.4,5894.33
161,4624.75,5410.15
166,4594.12,5484.3
4363,5413.95,5975.34
163,4618.42,5351.68
168,4796.79,5252.15
190,4998.92,5327.37
169,4617.97,5284.32
171,4711.77,5227.62
4437,5431.71,5811.77
4544,5460.66,5840.29
170,4560.87,5421.84
176,4621.1,5209.4
1466,5121.75,5870.12
175,4540.28,5355.85
178,4533.75,5507.03
182,4575.12,5568.15
180,4529.95,5282.83
201,4603.96,5624.51
184,4800.04,5188.52
188,4874.85,5225.24
181,4494.69,5442.48
195,4933.36,5258.07
189,4717.16,5156.06
187,4526.38,5200.51
185,4464.46,5372.36
192,4627.96,5130.29
4620,5483.92,5864.47
3765,5396.67,5777.41
284,4855.96,5772.81
1290,4966.22,5817.75
191,4445.24,5295.36
193,4533.07,5113.51
239,4736.11,5723.04
196,4428.51,5468.94
198,4470,5529.21
226,5032.25,5324.73
256,5107.35,5411.56
197,4434.62,5209.99
199,4388.69,5398.41
210,4497.57,5580.49
4657,5547.46,6016.62
4668,5561.34,6019.93
203,4726.69,5086.61
208,4808.62,5129.83
202,4360.48,5319.57
231,4617.79,5673.75
205,4424.94,5105.73
219,4884.24,5180.31
206,4639.43,5051.57
221,4957.23,5244.41
204,4345.7,5233.68
207,4548.09,5026.68
212,4453.53,5011.27
1246,5173.02,5493.48
213,4370.78,5499.76
214,4315.56,5434.46
211,4339.19,5143.64
217,4416.65,5546.83
215,4272.99,5354.4
2122,5356.23,5734.66
230,4507.7,5627.09
220,4251.15,5263.81
224,4655.14,4974.92
236,4741.57,5020.72
222,4247.53,5170.3
218,4330.03,5063.92
223,4360.14,4997.87
228,4564.18,4937.83
229,4472.71,4917.05
250,4824.72,5077.02
1588,5047.43,5850.99
240,4412.93,5583.45
225,4255.78,5079.88
233,4384.48,4909.1
237,4262.09,5481.05
243,4334.71,5537.2
244,4176.68,5404.53
234,4151.06,5305.72
4562,5369.59,5962.26
235,4272.97,4994.04
259,4905.9,5146.52
242,4132.91,5200.44
289,4984.08,5229.73
238,4163.1,5100.84
241,4298.19,4905.36
249,4586.41,4853.44
261,4675.1,4901.39
245,4185.52,5007.21
1271,5058.26,5321.57
1815,5266.44,5624.73
1897,5312.69,5683.72
253,4486.29,4806.54
246,4402.44,4813.71
278,4406.23,5624.73
331,4510.02,5670.65
1018,4629.29,5717.39
247,4322.06,4810.56
254,4033.99,5261.36
257,4043.12,5349.35
248,4211.29,4910.87
290,4761.15,4957.57
267,4147.68,5478.66
269,4232.9,5531.19
251,4068.15,5117.75
252,4092.41,5030.32
1383,4755.01,5763.89
275,4315.87,5579.48
255,4239.88,4811.52
260,4019.54,5182.94
271,4048.57,5428.88
258,4119.46,4928.42
264,4407.99,4726.11
266,4342.56,4715.43
268,4266.99,4710.65
262,4154.37,4820.16
280,4527.16,4726.82
306,4612.56,4776.45
355,4847.96,5028
263,3995.85,5127.61
265,4007.66,5064.54
270,4013.89,4963.17
285,4444.57,4672.3
274,3943.68,5225.06
283,3917.75,5304.86
273,4188.52,4712.53
1718,5130.73,5421.02
296,3936.44,5390.36
276,4062.02,4839.22
1036,4933.59,5119.25
277,3946.45,5164.66
376,4697.05,4828.92
286,4106.16,4719.63
279,3941.71,5107.64
295,4366.62,4625.54
281,3937.49,5041.07
291,4291.12,4607.74
314,4042.7,5492.37
325,4129.45,5534.02
294,4218.61,4608.14
4694,4212.96,5576.93
292,3918.75,4972.65
293,3959.93,4866.16
323,3950.45,5456.91
4644,5530.54,6013.76
299,4146.47,4607.11
287,3894.2,5194.41
303,3855.25,5240.97
412,4299.42,5620.12
298,4020.6,4739.08
288,3887.74,5150.17
1062,4393.34,5663.44
297,3877.91,5097.18
332,4479.33,4603.73
410,4556.3,4651.93
300,3868.08,5040.18
4632,5501.62,5882.87
315,3808.6,5297.17
338,3807.69,5368.21
1749,4884.12,5814.21
333,4401.79,4548.26
313,4066.22,4600.24
302,3842.09,5189.86
304,3828.63,5145.88
1484,5010.96,5221.54
943,4783.18,4891.77
320,4240.15,4503.84
347,4313.32,4485.85
305,3858.09,4993.4
307,3877.62,4931.92
308,3942.06,4761.88
312,3885.53,4854.17
321,4179.59,4508.23
361,3856.37,5433.48
309,3807.65,5097.77
317,3987.49,4648.04
328,4119.9,4495.49
311,3811.21,5038.08
1813,5221.08,5560.62
310,3803.39,5219.71
316,3788.64,5187.2
322,3781.89,5255.25
319,3771.43,5151.96
318,3817.61,4982.63
901,4635.35,4698.74
324,3827.23,4921.99
329,3877.15,4781.75
335,3921.79,4682.7
326,3756.53,5081.47
337,3743.86,5127.4
334,3754.28,5223.66
330,3762.84,5031.73
336,3830.31,4861.21
342,4015.64,4529.78
345,4066.96,4464.42
766,3952.24,5511.37
853,4033.32,5543.95
353,3750.97,5287.39
379,3743.71,5324.65
341,3737.57,5190.34
343,3959.18,4574.95
339,3771.69,4977.67
340,3727.65,5162.38
351,4199.23,4428.21
400,4239.62,4387.33
366,4154.29,4409.15
354,3725.03,5260.79
837,3872.92,5484.63
344,3782.38,4922.25
998,4113.52,5579.88
348,3711.99,5076.29
350,3706.51,5116.32
4678,5570.49,6023.03
371,4106.65,4385.2
346,3821.37,4811.16
352,3861.79,4718.14
359,3712.07,5031.29
1482,4507.48,5711.65
744,4440.5,4488.44
911,4507.29,4536.94
786,4368.37,4417.23
363,3695.46,5227.93
358,3903.06,4611.56
349,3788.99,4875.42
357,3698.16,5152.89
527,3714.45,5362.37
672,3770.31,5431.97
695,3720.33,5400.9
356,3731.09,4974.15
360,3693.89,5187.47
368,3985.72,4471.2
374,4028.5,4420.84
372,3940.55,4507.79
362,3746.48,4921.33
389,4065.73,4356.58
364,3805.07,4770.2
365,3765.93,4859.36
886,4287.15,4313.18
367,3669.81,5112.69
369,3669.37,5081.84
370,3665.29,5144.99
542,4184.19,4334.87
377,3839.76,4651.14
394,3702.41,5298.13
398,3671.18,5271.21
1392,4879.43,4977.24
375,3682.08,5016.54
381,3695.11,4972.03
373,3658.81,5177.82
386,3895.72,4535.31
382,3659.78,5058.43
384,3652.44,5212.04
795,3806.81,5467.41
378,3716.48,4922.07
444,3641.22,5248.07
380,3757.26,4826.92
385,3783.69,4753.01
383,3724.85,4885.82
587,4136.8,4305.29
387,3637.36,5115.36
388,3635.79,5140.18
404,3968.12,4415.55
416,4002.26,4379.34
397,3632.88,5094.31
392,3629.6,5168.37
583,4096.06,4282.89
426,3931.37,4438.74
417,3621.67,5199.15
469,4034.29,4325.98
399,3656.68,5013.86
401,3644.17,5045.42
1135,4716.98,4751.5
403,3795,4693.88
407,3862.79,4541.73
413,3814.91,4642.12
420,3832.67,4590.71
390,3677.37,4960.37
391,3690.96,4929.47
577,3684.2,5333.39
393,3721.79,4867.59
396,3738.74,4820.21
408,3657.45,4991.2
424,3625.15,5077.77
395,3697.31,4906.67
554,3611.87,5231.21
411,3762.27,4752.62
477,3895.37,4461.8
421,3614.65,5137.84
452,3609.8,5123.57
468,3607.09,5160.03
637,4062.87,4262.11
409,3658.27,4960.33
422,3648.48,4980.85
405,3671.25,4937.27
540,3597.9,5187.45
402,3713.33,4867.53
406,3697.47,4894.73
652,3646.82,5309.83
415,3677.79,4921.31
418,3712.25,4861.3
429,3718.13,4831.58
432,3736.23,4794.1
513,3604.86,5107.85
662,3624.12,5282.13
472,3631.18,5037.88
4695,3637.64,5014.83
821,4214.48,4260.82
515,3618.26,5065.14
414,3697.68,4889.83
427,3774.3,4703.45
436,3793.61,4660.08
505,3986.2,4345.28
548,3961.03,4352.54
423,3657.05,4942.58
425,3646.21,4957.8
419,3681.2,4913.1
502,3868.19,4482.29
506,3843.47,4529.1
458,3636.22,4998.87
434,3637.94,4978.42
441,3636.64,4971.42
1058,4577.36,4572.62
440,3747.07,4764.35
447,3757.84,4734.7
1159,4193.62,5616.98
1336,4276.88,5654.88
464,3809.24,4612.25
430,3683.06,4909.16
431,3695.24,4887.37
428,3666.11,4932.32
603,4010.46,4298.36
632,3588.06,5216.76
438,3703.52,4863.71
433,3669.86,4926.67
493,3822.57,4567.77
564,3593.31,5149.37
4696,3630.63,4989.49
435,3653.73,4945.22
437,3645.32,4954.44
580,3601.43,5093.31
448,3630.82,4968.87
455,3635.11,4964.84
600,3926.75,4360.43
453,3764.28,4706.38
463,3774.95,4674.41
439,3661.27,4940.98
450,3718.55,4810.42
451,3706.96,4840.86
443,3671.52,4925.07
445,3682.04,4907.3
449,3690.24,4887.67
456,3733.15,4782.29
442,3662.6,4936.25
466,3626.01,4982.69
446,3649.76,4951.81
488,3788.62,4631.05
459,3640.58,4961.98
460,3695.62,4866.98
454,3656.25,4947.47
462,3743.17,4753.28
471,3623.73,4977.24
457,3664.25,4938.79
461,3673,4924.36
4704,3599.94,5262.92
467,3679.09,4905
465,3648.39,4958.16
4697,3750.86,4723.34
473,3625.44,4972.88
475,3684.53,4887.46
476,3708.3,4821.78
478,3718.94,4795.28
479,3697.58,4846.37
613,3586.51,5135.54
486,3757.92,4690.59
470,3656.75,4950.87
480,3632.08,4970.83
482,3729.48,4768.92
474,3666.44,4939.51
508,3625.71,4998.99
524,3627.91,5011.97
483,3640.56,4966.66
487,3687.48,4867.57
481,3671.53,4921.75
485,3737.85,4741.57
510,3766.28,4651.05
529,3803.97,4581.46
484,3650.42,4961.33
499,3618.3,4983.25
503,3621.4,4990.1
489,3675.61,4905.14
641,3581.2,5175.48
688,4036.57,4240.7
490,3659.79,4951.06
495,3619.09,4977.9
544,3625.11,5030.46
581,3616.16,5053.79
498,3625.03,4975.08
491,3665.44,4935.22
492,3678.65,4884.99
494,3706.88,4803.63
496,3696.71,4826.21
592,3885.39,4412.38
497,3716.68,4779.91
504,3687.1,4846.72
4699,3634.24,4972.78
500,3668.53,4916.89
4698,3724.24,4755.39
4700,3643.6,4967.21
4701,3653.58,4959.68
501,3743.51,4711.46
512,3729.48,4730.16
522,3749.89,4677.64
511,3679.17,4864.69
539,3780.96,4605.18
507,3670.68,4898.13
509,3660.29,4945.3
514,3663.02,4927.14
516,3671.45,4878.28
555,3823.14,4525.65
517,3701.55,4783.49
520,3694.89,4806.75
523,3685.63,4826.29
518,3711.55,4762.74
521,3666.4,4909.37
526,3733.57,4702.65
574,3850.26,4465.57
525,3678.38,4844.26
671,3988.39,4281.76
528,3667.2,4889.76
556,3756.7,4634.35
530,3671.98,4858.78
519,3719.72,4744.65
531,3720.74,4724.64
654,3583.8,5121.37
633,3602.19,5080.13
532,3667.96,4870.36
533,3699.84,4765.17
534,3691.46,4786.15
535,3710.52,4745.31
536,3681.69,4804.38
543,3737.52,4671.9
537,3674.55,4821.96
538,3671.26,4838.67
545,3721.6,4699
734,3666.96,5359.99
813,3670.81,5385.42
571,3795.7,4544.87
541,3668.6,4851.28
552,3709.24,4722.84
549,3689.2,4765.47
551,3698.91,4745.01
550,3681.15,4784.84
546,3671.58,4800.38
547,3668.93,4817.32
553,3666.46,4830.08
570,3770.69,4585.37
704,3570.16,5203.52
831,4161.44,4221.68
565,3722.16,4672.24
569,3736.32,4640.48
563,3708.83,4698.73
557,3666.55,4795.67
558,3670.9,4779.85
559,3663.99,4808.52
707,3964.69,4274.86
560,3678.63,4762.91
561,3687.35,4743.57
562,3696.61,4721.73
729,3577.57,5247.08
612,3822.77,4466.56
585,3751.41,4605.38
566,3662.37,4771.95
567,3661.36,4786.23
568,3668.97,4757.71
572,3674.69,4738.95
573,3684.73,4720.08
575,3695.31,4698.34
576,3707.36,4674.05
691,3571.34,5162.68
584,3719.56,4645.47
578,3657.49,4762.43
579,3660.32,4749.26
582,3666.11,4734.08
595,3732.78,4613.47
598,3760.77,4573.5
609,3775.49,4546.33
626,3791.07,4502.57
4702,3673.54,4716.48
586,3682.46,4696.69
665,3863.03,4380.75
588,3692.52,4674.7
593,3703.49,4649.77
794,3638.87,5344.73
589,3655.63,4739.37
590,3658.02,4725.6
684,3585.94,5107.46
591,3664.64,4710.92
778,4085.25,4190.57
809,4118.67,4199.82
604,3714.28,4619.83
606,3745.59,4580.12
594,3672.46,4693.82
596,3680.51,4674.2
601,3689.92,4653.55
597,3652.78,4714.74
599,3656.15,4701.52
602,3662.89,4687.09
676,3906.11,4322.89
610,3697.38,4628.17
605,3669.63,4669.9
616,3727.05,4586.19
608,3678.51,4652.72
607,3651.4,4690.5
619,3759.78,4549.15
611,3655.77,4677.89
731,3941.33,4260.71
614,3686.73,4637.06
615,3661.36,4662.8
739,4014.83,4220.07
620,3707.24,4595.08
617,3669.41,4647.39
627,3741.44,4551.46
618,3651.24,4666.29
622,3679.56,4632.27
625,3772.92,4521.11
623,3690.28,4615.93
621,3655.32,4653.27
658,3802.22,4450.23
678,3829.86,4394.19
723,3567.65,5148.86
624,3660.8,4638.41
635,3723.85,4557.43
628,3671.95,4625.82
629,3649.91,4640.07
638,3758.96,4519.22
634,3692.93,4592.03
643,3705.79,4564.42
631,3655.17,4627.63
630,3682.01,4610.97
636,3664.89,4616.31
646,3778.94,4488.08
648,3740.56,4520.46
640,3674.21,4603.49
642,3652.81,4615.8
639,3683.23,4592.28
644,3660.51,4605.08
770,3559.62,5232.36
647,3691.19,4572.17
659,3719.54,4524.18
645,3668.37,4592.39
782,4059.25,4178.99
657,3761.51,4485.5
649,3679.16,4581.3
751,3558.64,5190.06
650,3657.43,4591.62
655,3699.63,4543.17
651,3665.27,4580.71
653,3674.42,4568.65
668,3782.41,4447.23
656,3685.51,4556.36
669,3741.4,4486.03
660,3663.7,4567.61
661,3670.96,4555.87
769,3607.05,5307.18
838,3606.92,5331.58
663,3680.51,4543.34
741,3569.44,5134.86
664,3692.77,4529.74
666,3706.65,4512.01
680,3762.57,4448.85
686,3805.74,4402.05
675,3724.05,4487.2
4703,3669.82,4542.8
667,3676.7,4530.51
781,3587.63,5292.5
670,3686.28,4517.49
673,3697.23,4502.5
724,3857.47,4321.4
733,3891.36,4286.08
679,3709.4,4484.56
674,3675.5,4517.54
677,3682.57,4505.41
698,3783.34,4408.88
689,3741.91,4450.29
681,3692.02,4492.71
773,3994.47,4202.22
896,3700.05,5440.78
990,3737.63,5479.47
683,3701.88,4478.96
682,3680.57,4492.05
690,3722.34,4462.39
761,3924.15,4235.89
685,3688.89,4481.02
715,3828.43,4345.44
687,3711.05,4466.47
701,3763.92,4414.49
692,3697.65,4469.03
693,3686.99,4467.35
694,3707.65,4457.94
696,3694.84,4456.49
718,3802.87,4363.91
697,3718.18,4448.65
802,4038.47,4161.44
699,3730.58,4436.44
708,3745.91,4414.34
779,3553.23,5176.23
700,3703.31,4445.51
703,3695.87,4444.02
705,3714.06,4436.96
887,3665.13,5415.72
706,3701.88,4432.31
702,3722.65,4429.73
716,3781.23,4376.52
710,3732.79,4412.82
709,3712.03,4423.35
717,3762.82,4384.61
711,3721.81,4415.77
712,3705.08,4420.31
808,3547.04,5218.14
713,3712.21,4409.43
790,3973.59,4192.23
719,3746.59,4389.21
714,3722.06,4400.67
720,3733.29,4393.88
721,3715.13,4396.39
722,3722.11,4385.33
725,3732.18,4376.25
740,3820.05,4314.06
755,3850.69,4275.94
730,3777.36,4351.17
735,3796.74,4336.35
727,3760.27,4361.2
726,3745.98,4369.27
728,3724,4371.1
732,3730.58,4359.48
792,3554.12,5162.45
763,3882.29,4247.05
736,3744.22,4351.56
737,3757.95,4342.55
742,3772.7,4331.47
738,3733.11,4345.43
814,3567.08,5276.73
841,3549.41,5261.54
745,3789.76,4316.93
803,3955.14,4180.43
743,3742.94,4335.36
788,3911.69,4208.19
870,3634.09,5373.11
750,3809.41,4296.45
746,3756.12,4326.41
748,3769.32,4315.85
747,3747.28,4322.66
827,4020.56,4137.88
759,3832.24,4267.23
752,3784.24,4302.9
749,3755.2,4311.35
1032,4470.36,4446.92
1051,4417.45,4381.02
756,3800.16,4284.86
753,3767.64,4301.95
754,3758.07,4298.17
757,3778.78,4290.73
758,3766.16,4287.37
767,3818.34,4260.81
833,3540.59,5204.22
762,3791.92,4276.45
760,3777.31,4278.73
764,3768.57,4273.83
783,3854.98,4226.24
791,3877.32,4210.86
772,3806.72,4256.28
765,3786.23,4271.15
768,3777.97,4264.56
780,3837.4,4229.99
771,3788.1,4257.55
818,3940.71,4160.5
774,3796.85,4254.4
805,3902.52,4180.55
775,3779.77,4250.09
1100,3873.51,5530.86
1118,3947.2,5557.96
784,3823.18,4231.12
776,3789.56,4241.61
849,3579.53,5319.62
859,3536.59,5246.98
777,3799.9,4235.61
785,3810.85,4232.39
856,4002.89,4108.47
787,3793.89,4227.5
789,3803.83,4219.03
793,3813.91,4212.15
860,4075.25,4114.16
876,4099.42,4107.54
839,3540.55,5190.15
797,3838.69,4201.44
799,3855.08,4193.93
873,3558.07,5305.46
861,4056.56,4107.5
804,3874.02,4179.75
796,3825.93,4207.07
1056,4351.89,4289.21
798,3808.17,4204.25
825,3928.74,4140.88
800,3817.65,4194.96
834,3978.72,4127.67
819,3896.17,4156.07
801,3828.17,4187.12
885,3603.38,5359.87
1048,3804.09,5506.82
806,3840.04,4179.68
811,3854.22,4170.77
807,3822.05,4179.94
815,3870.48,4156.98
810,3832.5,4170.6
812,3841.61,4161.44
868,4042.13,4086.29
846,3968.48,4106.62
824,3889.12,4136.05
835,3919.35,4122.77
817,3851.9,4152.41
816,3836.19,4155.23
875,3529.44,5232.5
926,4133.5,4094.55
820,3846.12,4145.63
822,3866.44,4140.96
823,3855.88,4137.65
917,3632.14,5399.77
890,3540.47,5290.77
830,3883.27,4122.55
828,3850.6,4130.47
826,3861.78,4130.56
848,3955.55,4093.26
842,3910.93,4107.5
829,3860.31,4121.12
932,4181.66,4137.98
981,4233.68,4171.92
836,3877.2,4115.11
832,3868.37,4114.57
844,3901.36,4096.74
852,3942.6,4083.05
888,4030.65,4052.09
840,3866.29,4105.72
843,3875.45,4096.63
847,3893.29,4091.82
845,3884.81,4091.83
877,3528.4,5218.23
866,3995.49,4054.43
857,3934.11,4071.17
895,3575.38,5347.04
850,3882.49,4080.11
899,3527.34,5275.89
855,3923.18,4064.56
851,3891.84,4070.76
858,3911.57,4063.41
854,3902.06,4065.51
879,3984.9,4026.42
864,3965.09,4044.36
913,3552.03,5333.82
862,3900.08,4053.07
863,3909.64,4042.71
869,3957.19,4030.93
1200,4021.73,5587.68
865,3919.15,4035.5
867,3930.46,4030.4
872,3947.26,4020.71
905,4025.2,3995.18
909,3519.4,5261.23
893,4068.06,4062.19
916,4082.29,4041.11
900,4057.18,4044.89
871,3916.83,4023.35
874,3925.8,4011.56
882,3981.91,3990.66
878,3933.16,4002.61
898,4015.08,3966.23
880,3947.33,3999.27
907,4048.97,4016.88
884,3972.41,3979.48
925,3601.06,5387.47
881,3935.98,3992.04
891,3963.96,3972.8
922,3533.44,5319.54
883,3945.81,3979.71
910,3517.75,5246.87
947,4101.23,4007.98
889,3953.52,3971.34
908,4011.09,3933.02
892,3954.19,3957.84
903,3995,3932
894,3964.8,3944.79
902,3985.11,3933.03
936,3572.96,5375.1
1094,4288.59,4183
958,3628.7,5422.53
1004,3646.87,5443.08
919,4044.89,3971.65
897,3975.02,3936.65
934,3519.48,5304.96
904,3974.03,3921.04
927,4069.16,4006.5
906,3984.7,3906.24
952,3548.53,5361.99
1059,3668.13,5472.64
912,3996.82,3895.5
923,4034.79,3886.21
929,4038.71,3906.14
942,3511.02,5290.43
921,4059.8,3993.88
1222,4654.42,4614.99
914,4007.89,3886.43
920,4022.18,3876.66
915,3994.73,3881
937,4047.61,3910.46
918,4006.06,3864.07
935,4057.29,3955.08
931,4036.11,3855.44
940,3508.6,5275.78
1172,4521.92,4461.59
924,4019.51,3850.27
965,3528.53,5348.35
930,4032.39,3836.49
928,4017.43,3838.35
960,4081.05,3950.92
973,3601.38,5413.83
933,4031.83,3820.25
950,4057.23,3903.1
938,4044.76,3819.76
945,4067.48,3950.29
975,3513.78,5334.21
944,4052.39,3822.73
949,4052.31,3837.57
939,4043.67,3803.48
984,3572.74,5402.63
1011,4119.11,3966.18
1026,4153.32,4022.5
941,4043.3,3794.41
954,4055.1,3844.67
948,4054.86,3786.61
951,4056.65,3799.12
1064,4194.16,4059.87
946,4055.14,3774.63
987,3504.43,5319.6
961,4066.24,3898.66
1003,3547.13,5390.38
966,4061.79,3844.58
956,4063.09,3768.58
953,4067.63,3756.86
982,3501.01,5305.03
955,4068.3,3749.45
1411,4799.96,4811.37
957,4065.33,3778.67
962,4065.32,3783.37
967,4073.54,3900.59
959,4082.07,3729.74
1024,4092.96,3892.02
963,4076.69,3739.41
969,4067.11,3786.87
979,4067.67,3842.16
964,4072.91,3752.58
1017,3526.16,5377.29
968,4091.92,3711.68
978,4070.02,3786.73
970,4092.59,3704.79
972,4086.11,3722.59
971,4078.19,3742.67
1028,3607.54,5439.02
974,4104.25,3685.42
1000,4079.61,3861.46
993,4073.56,3844.87
980,4080.11,3737.94
977,4099.52,3694.36
976,4091.12,3708.63
1031,3510.21,5363.33
995,4072.17,3783.73
983,4112.91,3668.23
991,4080.57,3733.72
985,4114.77,3662.12
988,4094.23,3697.69
986,4104.35,3678.26
1042,3575.66,5430
989,4124.52,3644.1
1038,3499.66,5349.08
994,4107.41,3664.34
992,4117.84,3652.12
1007,4080.65,3728.86
1010,4075.12,3782.21
1001,4093.5,3687.49
1119,4237.64,4080.17
1034,3495.42,5334.6
996,4128.62,3628.05
1060,3548.51,5418.75
997,4132.65,3622.02
999,4120.2,3636.95
1006,4107.63,3650.73
1002,4139.45,3605.83
1133,3681.51,5508.57
1162,3738.94,5526.89
1015,4091.95,3678.37
1005,4132.68,3614.26
1029,4076.97,3786.88
1009,4121.03,3621.4
1022,4079.22,3723.66
1008,4142.22,3593.78
1012,4146.56,3585.02
1312,4096.24,5618.63
1013,4133.08,3599.78
1050,4080.25,3797.06
1019,4105.8,3636.39
1014,4148.74,3572.52
1071,3526.07,5406.05
1081,3619.64,5466.2
1016,4141.45,3585.95
1021,4120.15,3604.91
1033,4088.02,3672.18
1020,4147.84,3565.52
1023,4132.87,3582.18
1045,4077.55,3718.69
1084,4104.12,3864.5
1089,4130.21,3919.24
1025,4153.66,3553.92
1027,4142.05,3568.43
1030,4153.31,3544.63
1044,4101.9,3619.23
1076,3508.76,5392.66
1631,4652.72,5755.66
1040,4117.09,3586.13
1035,4148.86,3542.13
1037,4130.28,3563.08
1046,4084.01,3663.88
1039,4141.24,3548.42
1088,4085.44,3798.23
1041,4156,3527
1109,4162.36,3960.77
1091,3582.54,5457.68
1067,4074.64,3719.52
1043,4153.28,3520.04
1083,3497.27,5378.74
1211,4466.66,4369.7
1049,4093.11,3626.83
1075,3491.88,5364.21
1047,4147.01,3520.4
1599,4969.5,5113.26
1052,4138.02,3528.14
1054,4126.57,3542.5
1057,4113.5,3562.37
1053,4153.89,3503.02
1106,3552.53,5446.97
1055,4149.63,3497.98
1063,4101.08,3582.08
1072,4078.71,3644.58
1068,4089.4,3605.42
1061,4142.19,3499.75
1203,3802.13,5550.04
1097,4073.02,3726.41
1191,4408.34,4278.45
1065,4132.45,3508
1066,4148.92,3481.57
1070,4121.14,3520.94
1069,4143.08,3478.03
1204,4343.51,4165.79
1074,4108.78,3536.07
1323,4590.36,4474.49
1137,3631.56,5496.78
1113,3528.24,5435.04
1073,4134.81,3481.03
1510,4362.89,5692.46
1079,4096.76,3552.82
1143,4197.79,3988.21
1078,4125.03,3489.2
1077,4141.15,3462.79
1102,4069.46,3653.78
1087,4084.69,3571.82
1082,4134.09,3460.72
1080,4113.96,3500.58
1117,3509.77,5422.1
1104,4071.91,3586.32
1086,4125.4,3464.89
1085,4103.72,3511.96
1112,3490.4,5394.05
1121,3497,5408.28
1093,4130.17,3446.87
1092,4116.38,3474.1
1096,4091.19,3522.11
1090,4108.21,3485.15
1140,3591.21,5486.41
1095,4122.49,3446.67
1115,4088.69,3783.31
1125,4109.02,3831.16
1099,4098.31,3487.82
1098,4114.06,3453.06
1107,4078.7,3531.16
1120,4073.04,3728.28
1139,4135.18,3873
1101,4105.66,3465.74
1145,3558.66,5475.77
1103,4116.63,3434.26
1187,4279.18,4080.06
1105,4108.94,3436.45
1110,4085.62,3491.29
1123,4063.82,3664.02
1108,4101.22,3446.16
1111,4093.1,3463.74
1221,3869.63,5573.7
1130,4059.33,3590.08
1114,4102.07,3425.68
1128,4065.34,3534.41
1116,4094.33,3429.99
1150,3532.81,5464.09
1126,4071.88,3493.53
1122,4086.61,3442.37
1163,4165,3905.52
1124,4078.87,3463.33
1146,3491.23,5423.96
1154,3512.81,5451.36
1127,4086.55,3420.12
1131,4073.59,3724.89
1144,4087.86,3756.13
1129,4078.92,3426.48
1155,3498.73,5438.04
1295,3938.87,5598.86
1188,4233.3,4000.99
1138,4062.36,3675.53
1132,4071.28,3440.42
1149,4052.81,3615.81
1134,4063.88,3462.21
1164,4109.75,3794.4
1141,4057.3,3491.65
1136,4071.09,3417.45
1148,4051.33,3526.51
1142,4063.01,3424.38
1158,4044.94,3557.74
1153,4067.18,3691.22
1147,4055.36,3439.07
1210,3638.45,5528.86
1225,3683.05,5545.29
1152,4048.74,3460.15
1423,4734,4666.6
1151,4054.56,3416.15
1196,3599.08,5516.42
1167,4051.41,3633.36
1181,4136.69,3830.96
1189,3566,5504.9
1157,4043.15,3485.89
1156,4046.93,3423.94
1198,4196.22,3926.06
1177,4081.63,3714.98
1192,3538.85,5493.04
1179,3493.98,5453.7
1160,4040.27,3438.43
1161,4038.31,3512.19
1170,4040.36,3579.86
1193,3517.66,5480.74
1165,4038.51,3416.7
1166,4034.77,3458.36
1182,4054.63,3648.74
1190,3502.71,5467.69
1169,4031.68,3425.12
1168,4030.68,3480.92
1171,4033.16,3533.24
1425,4170.41,5650.36
1174,4026.16,3439.84
1173,4028.37,3501.05
1281,3733.05,5570.62
1208,4164.37,3857.06
1202,4110.45,3763.01
1175,4022.93,3419.24
1176,4022.46,3459.22
1183,4038.43,3595.63
1178,4020.77,3482.27
1180,4017.4,3428.5
1185,4028.77,3549.31
1184,4022.81,3511.28
1320,4520.38,4372.75
1186,4013.68,3444.01
1194,4008.71,3424.26
1195,4011.87,3464.56
1209,4059.67,3656.02
1219,4086.19,3703.21
1197,4012.9,3490.39
1218,3498.64,5483.42
1199,4004.72,3434.84
1216,4137.05,3796.22
1207,4039.26,3607.07
1205,4025.49,3562.68
1201,4017.21,3523.32
1206,4002.98,3451.25
1244,4264.82,3998.97
1255,4309.06,4055.07
1237,4226.56,3935.31
1234,3545.85,5522.12
1239,3573.06,5533.84
1230,3508.27,5496.97
1289,4408.21,4186.65
1299,4463.79,4281.09
1231,3524.23,5509.91
1212,3997.09,3432.28
1213,4003.48,3473.29
1250,3605,5545.99
1215,4006.95,3501.47
1238,4191.88,3872.4
1214,3994.86,3443.95
1372,4008.69,5625.01
1217,4013.93,3534.93
1233,4114.56,3742.81
1293,3800.12,5589.94
1308,4360.08,4091.65
1223,4025.25,3573
1220,3995.17,3461.7
1227,4042.5,3613.59
1242,4161.43,3815.43
1236,4065.81,3654.55
1270,3639.87,5559.46
1224,3988.39,3443.1
1226,3998.38,3484.89
1228,3988.45,3455.59
1229,4004.09,3513.7
1243,4137.75,3771.44
1232,4013.92,3546.19
1254,3505.18,5512.75
1247,4093.9,3694.28
1235,3991.15,3474.27
1355,3863.46,5612.52
1440,4673.94,4530.57
1241,4028.51,3580.5
1240,3983.74,3455.98
1301,3674.32,5575.96
1245,3996.48,3498.16
1251,4048.43,3615.68
1249,3986.74,3469.44
1248,4005.53,3525.81
1268,3515.37,5526.16
1275,3531.87,5538.58
1252,4018.37,3555.68
1259,4124.15,3733.05
1282,3553.76,5550.58
1253,3992.05,3488.73
1260,4074.42,3651.1
1267,4219.8,3879.98
1274,4255.22,3937.63
1269,4185.68,3824.21
1288,3579.94,5562.13
1257,3985.15,3471.03
1256,4035.09,3585.77
1264,4154.02,3774.62
1283,4287.13,3987.89
1258,4000.68,3511.81
1793,5184.55,5503.35
1266,4106.52,3688.65
1261,4013.01,3538.32
1262,3991.04,3484.43
1298,3609.33,5573.56
1263,4056.83,3614.48
1265,4028.24,3564.98
1272,3999.88,3503.51
1291,3513.15,5541.61
1318,4321.97,4008.96
1273,4043.2,3588.75
1276,3994.34,3486.62
1277,4012.09,3525.91
1286,4141.31,3730.61
1278,4084.77,3645.06
1279,4026.94,3551.17
1280,4003.25,3500.08
1285,4063.12,3608
1296,4176.39,3777.85
1284,4044.51,3577.88
1306,4123.89,3681.94
1302,4212.18,3829.1
1304,4249.37,3884.5
1309,3524.23,5554.71
1316,3639.07,5585.47
1707,5077.59,5320.45
1287,4014.93,3518.54
1310,4286.36,3943.03
1314,3540.89,5566.77
1292,4010.11,3503.04
1294,4029.84,3541.02
1305,4092.09,3632.47
1297,4047.57,3566.5
1300,4021.62,3516.3
1342,3696.81,5597.63
1344,3744.05,5606.83
1322,3562.49,5577.94
1303,4067.83,3596.28
1319,4164.89,3732.52
1307,4036.41,3534.74
1329,3587.84,5588.62
1357,4412.43,4109.48
1361,4463.57,4196.95
1950,4999.64,5850.56
1328,3522.87,5570.1
1311,4031.17,3519.13
1388,3796,5625.1
1313,4053.3,3557.29
1415,3929.62,5635.36
1325,4202.76,3780.3
1315,4073.29,3583.83
1335,3615.02,5598.6
1375,4516.79,4286.08
1317,4045.25,3532.8
1339,3662.85,5596.37
1332,4241.85,3832.2
1321,4096.9,3615.67
1337,4282.35,3889.28
1326,4125.12,3653.67
1330,4156.35,3694.53
1324,4062.05,3551.38
1356,4366.82,4027.1
1343,3534.6,5582.37
1347,4324.35,3953.24
1327,4056.85,3536.21
1450,4076.62,5651.08
1331,4081.26,3574.51
1353,3551.82,5593.8
1334,4103.58,3601.91
1351,3642.45,5607.17
1333,4073.35,3550.13
1338,4191.29,3735.01
1389,4564.26,4366.75
1340,4129.02,3633.8
1360,3573.19,5604.12
1459,4622.27,4405.67
1341,4091.88,3568.81
1354,4231.54,3779.87
1348,4155.52,3668.59
1345,4086.73,3553.93
1362,3534.81,5597.37
1366,3597.89,5613.16
1346,4180.12,3700.75
1349,4112.89,3592.32
1368,4275.24,3833.9
1350,4104.8,3568.19
1352,4136.65,3619.85
1373,3624.72,5620.9
1542,4244.92,5682.03
1378,4319.52,3893.63
1364,4214.82,3727
1371,3671.22,5613.51
1358,4160.73,3650.7
1359,4125.13,3587.46
1377,3703.93,5621.22
1380,3547.25,5609.26
1403,3741.65,5634.76
1363,4120.22,3572.52
1365,4185.03,3684.03
1406,4370.49,3961.39
1367,4147.19,3610.75
1370,4139.32,3587.14
1382,3652.27,5626.65
1369,4169.32,3637.51
1387,3564.86,5619.53
1390,4265.97,3776.33
1448,3853.13,5650.23
1399,4414.1,4041.19
1408,4463.4,4117.53
1374,4191.44,3667.02
1376,4160.27,3605.9
1395,3586.76,5628.56
1428,4518.2,4203.96
1397,3548.95,5623.64
1381,4156.65,3591.1
1379,4210.55,3696.04
1393,4241.28,3722.12
1400,3611.7,5636.04
1384,4181.37,3628.79
1401,4311.82,3836.77
1385,4202.25,3655.57
1386,4175.48,3605.43
1394,3677.56,5629.93
1470,3995.62,5656.46
1404,3639.16,5641.28
1391,4222.5,3685.78
1439,4572.81,4298.96
1396,4195.37,3623.89
1417,3701.17,5641.95
1421,4355.41,3890.87
1410,3562.57,5634.69
1398,4192.38,3609.34
1413,3668.68,5643.94
1826,4774.08,5797.05
1402,4215.31,3646.81
1407,4235.59,3674.3
1405,4210.89,3623.17
1418,3580.99,5644.01
1445,3781.55,5653.88
1414,4279.52,3746.34
1422,4310.32,3792.32
1409,4256.22,3706.71
1651,4877.22,4867.75
1704,4945.03,5009.56
1426,3603.5,5651.42
1412,4230.09,3641.9
1427,3565.9,5648.89
1416,4227.92,3626.97
1429,4416.14,3991.49
1451,4456.81,4043.63
1432,3629.7,5656.98
1435,4347.05,3838.87
1419,4249.47,3665.21
1446,3731.51,5658.02
1434,3659.01,5660.31
1420,4246.08,3640.91
1443,4399.07,3936.94
1424,4269.28,3692.95
1474,4517.68,4113.83
1431,4290.8,3725.26
1441,3580.65,5658.64
1590,4811.76,4718.25
1430,4264.34,3659.96
1444,3692.12,5660.57
1437,4315.27,3761.46
1493,3925.61,5666.65
1433,4262.82,3644.82
1452,3600.35,5666.66
1436,4283.24,3683.32
1438,4280.52,3659.21
1455,4386.04,3881.95
1449,4344.14,3799.26
1556,4750,4577.49
1442,4302.89,3710.28
1539,4141.39,5676.95
1458,3624,5672.77
1457,3585.98,5672.13
1502,4576.33,4214.84
1464,4442.41,3978.57
1447,4298.5,3678.06
1453,4323.46,3740.2
1463,3651.43,5676.6
1454,4297.46,3663.07
1468,3682.99,5678.22
1465,4377.2,3836.6
1456,4316.61,3700.81
1461,4345.85,3771.13
1460,4314.64,3677.54
1543,4640.56,4319.85
1549,4693.66,4448.07
1475,3602.06,5681.1
1462,4335.1,3726.61
1473,4426.47,3921.7
1478,3719.15,5677.96
1485,3761.69,5676.37
1499,3813.09,5675.92
1467,4332.16,3696.4
1518,3870.03,5681.18
1472,4371.63,3801.27
1537,4055.14,5676.99
1496,4489.23,4023.73
1483,3622.72,5687.7
1469,4353.38,3753.55
1471,4331.67,3681.92
1481,4413.09,3872.23
1476,4349.66,3718.6
1489,3608.97,5693.73
1490,3647.7,5692.28
1479,4348.88,3696.45
1477,4368.85,3777.28
1480,4366.5,3743.38
1495,3676.46,5694.93
1500,4468.27,3959.13
1486,4402.59,3831
2071,5088.27,5877.47
4210,5173.1,5902.13
1488,4365.78,3715.1
1501,3709.09,5695.56
1487,4381.79,3769.79
1548,3985.37,5682.19
1491,4365.97,3701.19
1492,4393.46,3797.89
1503,4451.33,3905.99
1538,4540.23,4058.99
1554,4580.59,4137.47
1506,3626.41,5701.48
1494,4382.35,3737.45
1511,3746.2,5695.05
1497,4382.94,3716.04
1498,4398.12,3762.68
1505,4437.2,3861.17
1691,4439.3,5725.34
1767,4566.66,5751.6
1512,3648.28,5707.01
1741,5036.26,5223.15
1520,3787.62,5694.85
1508,4424.56,3823.21
1504,4412.08,3790.82
1507,4399.67,3735.07
1516,3634.99,5713.53
1517,3673.98,5710.25
1509,4400.51,3721.31
1557,3926.6,5691.87
1513,4415.56,3757.78
1522,3703.56,5711.57
1531,4511.74,3992.33
1514,4417.33,3736.46
1515,4430.6,3784.33
1533,3832,5696.55
1526,4490.76,3937.42
1527,3736.33,5711.63
1577,4630.38,4219.29
1524,4473.63,3890.35
1519,4444.94,3814.71
1523,4458.87,3849.66
1530,3653.43,5720.08
1521,4433.65,3756.2
1525,4435.11,3742.41
1671,4317.58,5710.37
1540,3771.76,5710.9
1534,3676.35,5724.19
1528,4449.48,3779.85
1529,4452.06,3758.21
1532,4464.54,3807.4
1544,3663.62,5731.11
1546,3702.84,5726.33
1560,3877.35,5702.84
1535,4479.29,3839.47
1558,3809.08,5710.6
1536,4468.27,3778.36
1552,3732.25,5726.52
1545,4494.58,3876.07
1547,4510.96,3917.5
1541,4470.07,3764.48
1555,4529.73,3964.24
1559,3764.07,5725.38
1550,4483.93,3802.89
1551,4486.93,3780.81
1563,3683.34,5736.56
1566,4553.58,4016.12
1553,4499.41,3831.52
1561,3843.1,5711.39
1569,3706.85,5739.39
1564,4514.72,3864.22
1562,4503.38,3801.65
1596,4034.26,5694.89
1620,4104.67,5697.54
1580,4590.84,4075.47
1648,4204.34,5702.47
1567,3796.66,5723.98
1565,4505.34,3787.55
1605,4676.94,4284.66
1618,4712,4371.83
1575,3694.81,5746.58
1568,4530.48,3901.32
1576,3733.82,5740.03
1572,4547.53,3942.21
1602,3983.29,5703.19
1640,4765.04,4486.95
1570,4519.16,3826.59
1573,4522.35,3804.16
1583,3763.18,5738.99
1574,4534.65,3855.82
1597,4629.95,4147.45
1578,4565.95,3985.4
1666,4823.26,4619.86
1601,3925.5,5712.8
1579,3831.48,5722.88
1581,3793.07,5736.34
1586,3873.49,5719.97
1582,4538.7,3825.53
1592,3715.57,5750.56
1584,4550.36,3888.96
1585,4540.84,3811.34
1589,4584.35,4025.3
1587,3819.08,5732.91
1591,4566.24,3925.52
1600,3740.08,5752.2
1593,4554.75,3851
4560,5255.68,5927.64
1595,4582.52,3965.04
1594,4558.1,3828.48
1598,4570.34,3880.3
1610,3728.66,5759.5
1611,3767.46,5751.42
1627,4679.57,4215.28
1603,4599.07,4005.98
1607,3855.24,5733.82
1612,4614.32,4049.33
1617,4634.43,4097.6
1606,3827.64,5743.03
1613,3797.25,5748.32
1604,4574.57,3849.99
1608,4585.74,3913.43
1609,4576.78,3835.84
1629,3915.82,5732.67
1723,4888.77,4770.99
1616,4601.3,3949.61
1622,3750.23,5762.35
1615,4590.41,3875.81
1614,4593.98,3853.36
1619,4616.62,3987.96
1638,4050.83,5711.77
1635,4665.29,4144.53
1621,4606.01,3905.39
1778,5005.97,5128.27
1628,3775.72,5762.33
1642,3984.28,5722.18
1624,4631.46,4028.26
1623,4610.62,3875.36
1649,4724.12,4301.61
1632,3872.1,5746.29
1641,3836.43,5754.84
1626,4621.1,3938.21
1625,4612.98,3861.26
1636,3764.57,5769.95
1639,3804.58,5759.95
1630,4646.74,4069.34
1633,4630.32,3879
1634,4626.42,3901.24
1637,4635.71,3974.05
1644,4661.61,4105.01
1676,4773.23,4394.97
1643,4650.01,4012.03
1702,4150.73,5719.28
1645,4641.51,3931.02
1653,3787.34,5771.45
1646,4646.7,3901.41
1647,4663.57,4051.1
1650,4649.35,3887.45
1652,4656.17,3964.03
1656,4701.32,4176.78
1672,4730.27,4237.88
1661,3813.91,5770.09
1675,3924.49,5749.84
1680,3981.99,5739.52
1654,4676.06,4090.09
1908,4687.7,5786.28
1669,3880.8,5759.14
1655,4666.81,3905.78
1657,4662.44,3927.77
1658,4686.57,4129.27
1663,3802.35,5777.94
1659,4669.99,3999.61
1685,4056.32,5729.67
1665,3844.76,5765.84
1712,4838.98,4514.25
1660,4682.84,4037.43
1662,4677.2,3957.62
1667,4683.17,3928.39
1664,4694.69,4076.36
1736,4271.7,5722.02
1694,4773.25,4309.47
1668,4686.07,3914.57
1760,4942.35,4923.52
1673,4690.99,3990.96
1681,3825.93,5777.89
1670,4704.59,4115.13
1677,4703.37,3933.36
1674,4711.85,4150.1
1689,4734.98,4188.38
1678,4698.42,3955.19
1679,4703.99,4027.06
1682,4715.63,4065.23
1687,3854.05,5775.19
1683,4712.84,3985.73
1693,3841.37,5783.15
1684,4725.52,4105.24
1695,3887.04,5769.93
1756,4887.58,4656.16
1686,4719.73,3956.65
1690,4722.99,3942.82
1700,3927.02,5762.37
1688,4733.1,4146.15
1769,4384.81,5730.8
1710,4769.81,4240.11
1692,4726.03,4019.49
1715,3977.25,5753.71
1730,4827.62,4390.33
1696,4740.4,3961.97
1697,4734.76,3983.85
1698,4737.89,4056.51
1731,4042.18,5744.81
1705,3865.41,5782
1699,4748.55,4096.25
1701,4748.47,4015.12
1703,4757.34,4138.49
1755,4135.27,5735.99
1706,4756.38,3985.86
1713,3894.42,5778.01
1709,4764.28,4185.03
1708,4760.1,3971.96
1835,4500,5748.11
1711,4761.1,4050.03
1716,3880.41,5785.73
1733,4815.31,4297.5
1722,3929.26,5772.04
1714,4777.61,3991.81
1717,4771.21,4013.96
1719,4772.27,4088.25
1720,4781.98,4130.07
1734,3971.44,5764.56
1721,4784.52,4045.99
1784,4237.31,5729.51
1724,4790.49,4174.91
1827,4992.34,5048.73
1728,3904.79,5783.37
1725,4793.57,4016.15
1870,5091.71,5325.86
1996,5130.69,5409.47
1726,4797.71,4002.04
1727,4800.84,4227.26
1729,4796.31,4082.17
1786,4888.35,4472.17
1797,4909.08,4585.41
1739,3933.96,5778.76
1732,4815.14,4022.36
1748,4023.39,5756.34
1740,3918.8,5785.73
1735,4807.88,4045.11
2055,5172.17,5484.92
1738,4807.03,4122.21
1737,4816.64,4166.64
1742,4820.8,4078.29
1747,3968.9,5772.05
1787,4927.65,4756.55
1800,4954.82,4860.79
1743,4821.52,4208.03
1744,4831.16,4047.5
1745,4835.82,4032.92
1753,4844.08,4264.08
1751,3942.69,5782.11
1746,4831.95,4115.75
1775,4877.27,4358.72
1774,4087.25,5748.33
1750,4853.5,4053.7
1762,4011.05,5764.48
1752,4845.22,4077.4
1819,4339.99,5730.79
1754,4842.12,4157.81
1758,4856.14,4213.17
1764,3971.56,5776.67
1761,3955.94,5782.5
1853,5056.29,5229.92
1757,4857.29,4111.67
1763,4869.34,4079.5
1765,4874.62,4064.1
1766,4867.23,4149.58
1772,4005.15,5769.5
1777,4059.61,5757.26
2353,4873.74,5836.02
2451,4960.04,5855.88
1768,4892.76,4085.12
1773,3978.96,5777.75
1771,4883.35,4110.51
1779,4892.99,4285.16
1770,4873.89,4186.37
1809,4156.3,5739.89
1828,4222.99,5731.87
1811,4939.62,4695.53
1776,4894.66,4146.69
1789,4901.47,4230.91
4602,5325.75,5952.45
1838,4993.73,4984.88
1782,3991.05,5775.79
1788,4044.62,5762.29
1781,4908.83,4111.93
1785,4006.52,5771.45
1780,4914.56,4095.13
1783,4902.09,4186.91
1983,4616.34,5775.61
1790,4933.07,4116.2
1879,4443.84,5739.73
1792,4922.76,4144.55
1795,4038.4,5763.75
1794,4013.29,5769.17
1802,4112.18,5748.63
1816,4937.56,4360.54
1824,4935.62,4447.74
1796,4934.11,4183.96
1799,4086.21,5754.12
1857,5030.84,5144.51
1808,4941.95,4289.05
1798,4955.8,4124.96
1801,4949.98,4143.78
1803,4024.44,5764.86
1804,4940.99,4231.37
1848,4307.1,5726.99
1805,4039.01,5761.04
1830,4942.52,4542.31
1832,4971,4804.81
1806,4073.79,5755.4
1807,4975.15,4145.96
1810,4964.86,4178.87
2466,5213.13,5554.54
1812,4045.12,5756.27
1814,4068.49,5752.83
1823,4977.77,4223.13
1839,4959.79,4637.77
1817,4998.38,4152.66
1818,4109.89,5746.12
1820,4123.06,5746.31
1871,5003.26,4925.53
1821,4993.08,4174.05
1840,4165.91,5736.32
1822,4055.92,5749.53
1837,4988.26,4280.61
1825,4069.72,5747.05
1829,4100.83,5743.42
1831,5018.88,4172.71
1852,4990.76,4352.75
1849,4219.23,5728.21
1836,5010.38,4211.08
1859,4985.62,4739.77
1833,4075.83,5739.85
3077,5253.89,5618.85
1834,4097.4,5737.75
4267,5296.56,5679.35
1855,4986.6,4435.99
1843,5042.42,4177.04
1841,4147.45,5736.27
1842,4134.43,5733.64
1905,4397.97,5727.63
1846,5038.53,4200.68
1844,4086.34,5730.87
1851,5027.91,4260.62
1866,4982.87,4522.69
1845,4099.3,5729.5
2470,4793.31,5822.03
1921,5030.52,5102.01
1873,4285.83,5720.19
1847,4127.38,5727.67
1860,4981.07,4595.21
1850,5063.75,4195.44
1903,5014.84,4854.44
1854,4105.68,5719.9
1856,4125.46,5719.1
2002,4551.61,5758.57
1864,5058.79,4237.38
1878,5049.37,4333.81
1948,5034.44,5050.18
1890,5002.91,4675.33
1867,4187.47,5724.84
1872,4218.82,5721.53
1858,4169.64,5722.78
1861,4158.75,5717.17
1863,5087.36,4197.08
1862,4116.49,5709.19
1865,4128.5,5708.73
1869,5085.26,4221.32
1868,4153.71,5708.59
1914,4362.44,5714.04
1888,4271.41,5710.74
1876,5109.41,4213.33
1884,5082.53,4284.51
1896,5041.4,4422.85
1961,5063.72,5214.1
2129,5103.09,5343.62
1874,4135.62,5696.91
1891,5032.36,4516.7
1875,4153.68,5697.44
1877,4190.02,5706.59
1882,4203.72,5711.13
1934,5026.62,4775.77
1913,5019.69,4604.85
1880,4182.78,5697.88
1881,4146.59,5684.5
1886,5132.53,4212.8
1889,5108.11,4254.34
1883,4157.71,5684.78
1885,4225.05,5711.6
1887,4180.32,5686.39
1893,5131.58,4235.78
2657,5137.51,5426.97
1986,5047.09,4997.72
1894,4249.3,5709.79
1929,4335.34,5700.5
1892,4165.59,5671.28
1895,4182.18,5673.02
1900,5154.85,4226.41
1898,4211.28,5687.53
1902,4219.68,5695.57
1923,5115.35,4337.08
1926,5100.08,4405.64
2005,4492.85,5735.19
1901,4207.98,5675.81
1904,4177.16,5657.12
1899,4236.11,5697.97
1906,4187.58,5658.16
1912,5134.88,4291.72
1907,4258.49,5697.4
1910,5177.79,4224.78
1909,4208.27,5661.46
1915,4277.73,5698.76
1935,4316.03,5688.47
1920,5155.05,4262.81
1959,5044.97,4705.4
1942,5089.27,4498.94
1973,5076.13,4621.85
1916,4196.02,5642.86
1922,5176.63,4245.49
1917,4211.55,5645.75
4530,5339.75,5733.12
1918,4237.59,5678.57
1919,4235.42,5666.05
1911,4243.58,5686.04
1927,4270.47,5678.58
1928,5199.63,4236.29
1924,4235.31,5650.84
1997,5051.3,4884.11
1925,4208.08,5627.46
1992,4445.02,5711.29
1931,4218.01,5629.27
1933,4296.7,5680.84
2212,4726.18,5810.12
1932,4237.53,5634.08
1938,5223.12,4233.97
1930,4259.12,5672.45
1936,5180.52,4290.94
1949,5168.04,4328.62
1987,4405.9,5690.28
1939,4227.29,5612.33
1941,4242.1,5616.21
1937,4261.65,5658.63
1940,4263.31,5641.61
1943,5197.55,4267.29
2025,5062.61,5169.79
1947,5220.25,4252.83
1955,5157.11,4384.9
1945,4265.07,5623.11
1946,4239.39,5595.74
1976,5148.17,4463.82
1944,4286.85,5655.32
1954,4315.01,5655.05
1952,5244.56,4244.21
1977,4373.68,5673.22
1951,4249.09,5598.06
1953,4267.99,5604.08
1969,4345.09,5660.42
1993,5058.15,4799.74
1957,5215.26,4287.35
1964,5211.84,4315.19
1956,4292.41,5634.04
1962,5269.02,4241.39
1958,4258.89,5580.05
1963,4294.24,5613.19
1960,4273.26,5584.72
2014,5138.43,4570.71
1966,5237.43,4273.07
1970,4325.11,5628
1967,4296.15,5592.72
1965,4271.63,5562.23
1972,5263.85,4259.93
2082,5063.19,5120.94
1978,5207.78,4359.75
3954,5044.92,5879.59
1971,4280.95,5565.04
1975,5290.64,4250.75
1974,4299.45,5571.89
2001,4369.45,5622.35
2013,5203.92,4421.93
1980,4326.59,5603.98
1981,5247.78,4298.71
1979,4291,5545.79
2020,5082.86,4758.06
1982,4304.95,5551.11
2302,5092.15,5294.78
1984,5316.31,4247.03
1988,4326.76,5581.49
1999,5251.64,4333.64
1985,4304.2,5527.14
1990,5279.31,4281.05
1989,4327.74,5559.72
4597,5445.91,5992.31
2018,4402.6,5638.18
2004,4363.99,5593.52
1991,4313.18,5530.47
1994,5309.53,4266.15
2066,5124.54,4704.07
1995,4331.02,5538.02
1998,5338.57,4255.75
2046,5199.86,4507.69
2037,4439.6,5655.66
2022,5253.55,4380.92
2000,4323.95,5510.01
2008,4360.18,5569.74
2007,5290.03,4309.27
2003,4337.31,5515.92
2485,4670.41,5792.74
2010,5365.76,4250.62
2006,4337.25,5490.56
2075,5076.11,5000.68
2227,5080.76,5149.81
2081,4482.86,5680.62
2011,4358.5,5547.45
2009,4359.33,5525.1
2015,5325.46,4287.92
2012,4345.99,5494.19
2124,4531.59,5714.62
2051,5080.16,4877.05
2017,5358.54,4270.43
2016,4363.04,5502.51
2963,5164.92,5477.41
2023,5389.01,4258.16
2029,5297.48,4345.84
2019,4357.37,5473.06
2035,4408.07,5578.2
2044,4428.5,5598.37
2200,4590.04,5752.88
2021,4370.07,5479.62
2034,4397.68,5555.77
2024,4371.42,5452.65
2031,5337.98,4316.41
2032,4391.56,5533.8
2026,4390.41,5489.89
2027,4388.87,5512.31
2030,5417.33,4251.75
2028,4379.69,5456.78
2048,5256.73,4441.9
2114,5190.39,4636.85
2038,5375.87,4291.66
2033,4395.56,5466.11
2040,5410.53,4271.71
2068,4463.1,5614.04
2036,4391.48,5434.73
2102,5109.49,4842.56
2039,4403.4,5442.12
2050,5303.82,4389.9
2043,5442.11,4257.73
2041,4406.14,5413.8
2425,5085.43,5237.03
2042,4417.8,5478.12
2045,4421.67,5454.21
2049,4419.74,5498.51
2047,4413.86,5418.54
2057,5346.72,4351.68
2054,5470.8,4249.6
2060,5390.62,4320.05
2053,4427.44,5517.57
2052,4428.52,5429.12
2058,4437.98,5538.63
2067,4455.23,5557.82
2056,4426.51,5395.48
2144,4512.47,5633.26
2064,5430.8,4291.46
2059,4437.52,5403.84
2065,5465.17,4268.91
2061,4441.48,5373.82
2062,4447.73,5444.99
2063,4441.66,5468.58
2070,5495.78,4253.03
2090,4475.09,5576.31
2069,4454.53,5417.78
2103,5262.09,4519.08
2072,4448.58,5379.23
2095,5316.46,4438.41
2073,4454.38,5478.93
2080,5350.66,4388.13
2146,5097.77,4977.55
2074,4462.2,5391.02
2078,4467.09,5498.3
2076,5524.12,4243.07
3992,5197.79,5542.97
2077,4462.15,5355.5
2094,5398.93,4356.53
2085,4475.17,5521.96
2079,4472.02,5364.95
2093,5449.37,4317.86
2084,4478.12,5332.94
2083,4472.33,5441.96
2086,4481.42,5408.99
2092,5488.43,4284.57
2088,5520,4260.65
2157,5146.4,4796.29
2116,4509.54,5529.91
2153,4522.66,5577.98
2091,4488.61,5379.5
2089,5548.91,4243.9
4535,5131.74,5903.69
2087,4484.22,5339.33
2099,4500.74,5447.38
2096,4496.35,5352.22
2433,5092.86,5117.48
2098,5577.08,4232.74
2097,4498.75,5314.46
2108,4509.14,5483.61
2100,4506.71,5325.68
2112,5384.22,4409.2
2412,4565.25,5673.18
2104,4511.07,5402.76
2101,4515.88,5291.17
2111,4517.85,5367.73
2106,4520.71,5298.97
2105,5572.09,4248.62
2110,5545.44,4270.3
2107,5601.49,4231.8
2109,4522.27,5339.77
2117,5516.22,4302.65
2125,5467.65,4357.45
2134,5338.72,4487.35
2113,4529.36,5314.58
2115,4537.18,5272.46
2118,5630.33,4219.09
2139,4546.08,5393.9
2145,4547.91,5431.86
2119,4542.46,5286.55
2120,4555.54,5247.95
2265,5119.3,4942.49
2221,5268.06,4607.94
2137,4550.25,5356.47
2123,5621.99,4235.66
2126,5591.68,4254.58
2127,4558.78,5257.53
2128,5654.56,4216.6
2172,4556.92,5470.96
2121,4549.11,5306.07
2130,4556.56,5320.3
2135,5581.11,4276.14
2158,5428.65,4432.35
2131,4562.48,5278.94
2327,5188.74,4752.81
2133,4577.3,5229.33
2240,4574,5518.59
2152,5561.09,4314.34
2132,5684.76,4201.71
2138,4579.94,5247.18
2140,4597.1,5203.27
2136,4578.37,5279.45
4575,5381.45,5778
2141,5633.59,4247.32
2143,5675.55,4220.04
4711,4617.41,5728.49
2184,5531.64,4372.54
2148,4599.27,5214.81
2147,5710.39,4197.13
3915,5123.5,5430.54
4010,5147.91,5482.27
2151,4591.5,5283.74
2156,4587.96,5310.31
2149,4598.88,5242.99
2150,5740.16,4179.84
2154,4619.46,5184.05
2267,5369.11,4521.65
2160,5635.37,4271.26
2155,4614.71,5247.08
2166,4585.18,5344.71
2159,4620.54,5205.43
2174,4584.33,5380.72
2162,4640.46,5156.59
2163,5692.55,4231.2
4643,5511.47,6010.66
2164,5736.55,4196.86
2540,4604.44,5593.32
2208,4592.21,5413.79
2587,5103.59,5086.36
2161,5768.21,4171.91
2167,4642.3,5169.67
2168,4640.64,5203.82
2165,5794.48,4154.23
2170,4623.13,5264.11
2195,5631.55,4310.71
2175,4663.96,5136.38
2187,4657.5,5212.31
2189,4623.47,5295
2457,5141.22,4900.11
2319,5477.47,4450.75
2180,4665.27,5160.49
2194,5708.3,4251.89
2169,5817.21,4145.79
2173,5807.33,4162.04
2183,4685.81,5106.93
2186,5762.98,4203.24
2171,5849.88,4124
2217,4620.77,5332.69
2197,4688.2,5120.6
2214,4688.82,5158.07
2176,5863.77,4121.64
2241,4665.01,5238.75
2179,5922.15,4078.93
2329,4611.56,5447.49
2198,5865.77,4131.53
2213,5835.29,4165.41
4705,4617.47,5367.91
2222,4710.38,5085.48
2201,5917.54,4091.8
2178,6097.93,3936.65
2177,6054.01,3973.75
2181,5998.22,4020.12
2192,6082.16,3950.19
2199,6036.04,3990.8
2182,6133.16,3907.95
2190,6119.04,3919.62
2202,5979.04,4040.54
2238,4714.02,5109.43
2185,6161.93,3882.25
2191,6147.8,3894.52
2233,4732.66,5054.82
2338,5619.74,4373.98
2188,6185.73,3857.79
2196,6172.09,3870.7
2248,5794.56,4215.48
2287,4715.48,5165.71
2193,6205.67,3833.44
2203,6193.29,3846.8
2273,4662.23,5280.91
2205,6135.54,3904.39
2207,6110.01,3926.68
2206,6156.68,3883.85
2218,6073.41,3958.19
2204,6221.03,3809.58
2209,6210.62,3823.27
2296,5730.08,4283.39
2210,6178.65,3860.46
2256,4736.38,5067.77
2243,5902.12,4119.74
2229,6027.33,4003.57
3747,4680.61,5782.19
2245,5971.64,4061.04
2216,6197.53,3837.22
2211,6231.85,3786.25
2219,6223.71,3799.92
2215,6137.42,3899.82
2220,6162.34,3874.17
2231,6109.69,3923.78
2341,4638.09,5383.51
2224,6212.19,3814.54
2225,6182.74,3850.54
2223,6238.34,3763.41
2226,6232.01,3777.21
3826,4774.49,5834.48
3989,4819.54,5843.27
2277,5876.84,4163.78
2294,4742.89,5101.37
2235,6143.41,3889.34
2228,6198.72,3829.01
2307,4654.01,5329.06
2251,6072.64,3961.52
2230,6222.44,3792.6
2234,6167.9,3863.41
2449,5301.64,4616.68
2473,5222.26,4722.15
2275,4758.39,5031.51
2232,6240.28,3741.76
2237,6236.11,3755.48
2236,6210.43,3808.24
2239,6183.59,3842.69
2242,6228.45,3771.1
3353,5096.4,5262.68
3431,5099.03,5312.97
2244,6198.12,3822.51
2264,6031.58,4009.56
2246,6217.46,3788.14
2260,6117.21,3912.95
2247,6238.27,3721.57
2249,6236.17,3734.86
2291,4780.82,5000.32
2255,6159.88,3864
2250,6204.06,3806.82
2252,6230.27,3750.58
2306,4765.04,5052.46
2254,6186.28,3830.19
2499,4641.98,5489.8
2345,4710.32,5217.96
2253,6221.43,3768.16
2279,5943.82,4107.08
2283,5998.45,4056.02
2257,6209.4,3787.69
2258,6232.4,3703.48
2259,6232.16,3716.05
2358,5851.42,4227.45
2261,6228.49,3731.69
2263,6193.56,3809.99
2276,6076.22,3963.53
2262,6221.78,3749.37
2266,6211.93,3768.8
2269,6172.46,3838.29
2280,6143.8,3874.96
2320,4786.07,5011.49
2270,6199.65,3789.71
2268,6222.98,3687.92
2271,6224.77,3699.63
2272,6223.18,3714.71
2293,6110.82,3919.02
2274,6218.4,3732.28
2278,6211.13,3751.79
2281,6183.02,3812.98
2298,6042.57,4012.5
2994,5111.47,5051.88
2282,6201.32,3772.71
2467,5396,4536.9
2284,6214.3,3685.82
2286,6210.68,3675.46
2295,6161.56,3842.13
2288,6190.73,3792.12
2285,6214.54,3700.02
2289,6212,3717.34
2389,4701.08,5274.05
2290,6206.6,3737.12
2339,4807,4976
2316,6079.48,3970.07
2325,5930.98,4149.92
2292,6198.7,3758.57
2312,5981.6,4094.3
2308,6136.88,3878.51
2300,6174.87,3810.24
2297,6189.07,3781.21
2321,6018.05,4052.47
2299,6203.29,3688.33
2303,6200.81,3675.37
2301,6202.75,3704.75
2304,6195.66,3666.69
2385,4778.97,5089.44
2408,4766.06,5145.23
2305,6199.05,3724.33
2309,6193.2,3746.32
2352,4829.19,4944.77
2310,6185.47,3769.81
2335,6111.89,3921.16
2374,4797.35,5037.64
2313,6153.63,3843.08
2445,5771.53,4324.24
2311,6177.61,3791.25
2340,6049.17,4023.95
2314,6190.98,3694.92
2315,6189.7,3679.91
2322,6163.57,3813.85
2318,6189.54,3713.61
3738,5107.98,5372.9
2317,6185.32,3668.81
2323,6178.29,3662.17
2324,6185,3735.91
2372,4816.26,4992.74
2424,4687.26,5336.62
2330,6135.57,3873.83
2328,6178.3,3760.94
2326,6170.94,3787.32
2364,5979.36,4124.91
2366,6016.48,4077.43
2333,6145.86,3845.06
2331,6177.79,3688.4
2334,6178.23,3705.18
2332,6173.89,3675.57
2361,6082.1,3983.16
2336,6167.84,3666.54
2337,6175.11,3726.38
2516,5516.89,4470.8
2378,4835.55,4953.84
2343,6154.73,3812.98
2342,6159.61,3662.02
2344,6169.52,3752.29
2399,5950.48,4183.73
2346,6162.43,3781.52
2678,5159.68,4853.94
2452,4668.04,5407.46
2351,6126.88,3885.06
2347,6162.75,3686.42
2348,6166.02,3699.83
2349,6156.86,3675.81
2363,6137.61,3846.61
2350,6165.19,3717.84
2375,6106.39,3936.49
2354,6148.79,3668.74
2355,6159.67,3742.56
2533,5677.42,4409.43
2388,4855.71,4919.89
2391,6053.51,4048.53
2357,6139.82,3666.2
2365,6145.87,3809.41
2362,6152.71,3774.12
2460,4755.01,5206.81
2356,6152.61,3700.63
2359,6146.11,3689.71
2360,6156.57,3711.47
2367,6138.3,3680.79
2368,6151.42,3730.58
2384,6120.94,3889.33
2394,4877.43,4889.74
4032,4880.92,5855
4166,4947.37,5867.75
2370,6129.24,3675.24
2373,6141.34,3762.75
2369,6144.57,3718.68
2371,6136.84,3708.38
2377,6119.29,3674.42
2481,5904.26,4274.19
2376,6128.34,3698.03
2404,6086.7,3999.41
2380,6135.75,3803.11
2383,6129.63,3844.6
2410,6014.98,4121.22
2381,6118.89,3689.61
2379,6138.86,3739.2
2382,6129.68,3731.77
2386,6109.2,3685.08
2387,6119.27,3721.04
2411,4866.53,4933.09
2419,4849.74,4974
2390,6125.66,3760.4
2395,6123.53,3796.46
2432,4833.73,5020.64
2402,6106.61,3940.87
2392,6109.41,3709.67
2393,6099.06,3685.69
2414,4884.21,4897.02
2398,6120.69,3838.87
2396,6099.54,3701.11
2397,6111.99,3751.45
2400,6115.68,3886.45
2461,4821.11,5070.96
2401,6089.12,3697.58
2403,6099.85,3736.86
2422,4903.93,4865.03
2512,4739.76,5276.1
2407,6108.63,3788.92
2463,6069.32,4087.21
2405,6090.19,3721.91
2406,6078.87,3699.6
2428,4925.61,4835.84
2413,6108.55,3831.57
2409,6080.61,3713.93
2418,6088.84,3777.63
2420,6108.86,3878.79
2480,6018.82,4206.32
2426,6107.19,3933.18
2415,6069.5,3712.8
2430,6098.45,4000.48
2417,6078.88,3748.86
2416,6074.05,3731.45
2421,6058.29,3716.48
2427,6092.36,3824.1
2503,4818.78,5123.98
2423,6062.04,3730.24
2440,4915.08,4875.22
2446,4900.68,4911.9
3337,4646.28,5685.12
2434,6097.78,3869.67
2442,4931.2,4843.36
2431,6049.39,3730.75
2429,6058.67,3752.45
2436,6061.94,3781.76
2439,6070.02,3819.84
2462,4886.44,4954.54
2438,6102.76,3918.73
2437,6037.36,3735.81
2450,4950.33,4812.88
2435,6042.44,3750.57
2600,4724.21,5350.77
2443,6106.86,3978.41
2448,6080.59,3863.88
2455,4972.34,4784.24
2444,6034.09,3781.81
2490,6111.09,4066.37
2441,6028.51,3750.6
2484,4871.88,5002.59
3362,5097.33,5228.22
2456,6092.85,3908.29
2447,6023.05,3767.41
2454,6041.27,3818.45
2453,6015.15,3757.27
2458,6103.33,3950.25
2465,6055.18,3861.45
2468,4959.33,4822.27
2474,4948.99,4851.64
2459,6006.46,3773.04
2471,4974.13,4793.74
2488,6113.3,4003.56
2464,6004.48,3791.92
2469,6008.85,3818.56
2567,5843.44,4379.28
2487,4938.46,4888.54
2475,6076.58,3907.49
2641,5313.01,4613.19
2859,5237.97,4697.56
2479,4994.76,4763.1
4329,5007.12,5880.29
2903,4708.16,5436.71
2472,5989.8,3781.85
2477,6019.11,3856.3
2483,5017.71,4733.55
2476,6095.79,3945.53
3140,5116.14,5003.69
2478,5980.27,3799.25
2569,4795.67,5206.53
2508,4859.69,5048.64
2502,4925.12,4935.42
2507,6099.62,4167.75
2482,5976.25,3821.69
2495,6044,3910.1
4446,5235.86,5612.87
2686,5393.85,4550
2486,4993.37,4780.11
2496,4991.67,4795.96
2491,5978.55,3850.34
2492,5014.36,4748.73
2489,5959.2,3809.52
3015,5173.26,4803.71
2506,4987.94,4822.89
2494,6090.99,3962.66
2505,5987.92,3886.93
2493,5946.91,3828.29
2497,5038.94,4714.13
2554,6105.25,4285.07
2555,5986.71,4326.54
2498,5940.71,3851.17
2500,5063.37,4682.37
2528,4907.31,4991.33
4158,4756.42,5829.49
2501,5026.65,4747.09
2526,4980.65,4862.13
2513,6141.31,4080.15
2517,6136.74,4040.41
2504,5921.38,3840.03
2519,6146.81,4148.03
2511,5940.21,3877.27
2509,5056.36,4702.88
2510,5905.77,3859.58
2520,6076.24,3972.27
2523,6003.7,3931.43
2514,5031.65,4760.04
2515,5084.65,4662.45
2518,5897.72,3880.03
3254,4688.43,5534.74
2522,5110.87,4627.56
2525,5069.06,4702.62
2560,4964.7,4918.74
2566,4882.02,5058.55
2646,4854.1,5136.11
2521,5874.57,3874.36
2524,5942.3,3904.92
2539,5033.78,4785.25
2534,6142.58,4215.71
2530,5102.17,4651.64
2529,5855.6,3894.51
2527,5895.83,3899.6
2881,4778.22,5283.98
2541,6194.2,4143.91
2543,5078.51,4713.35
2532,5132.76,4605.84
2876,5587.6,4466.43
2956,5463.76,4512.34
2549,6125.13,4021.08
2565,6212.8,4101.09
2531,5849.97,3909.68
2544,6188.88,4214.99
2545,6055.93,3971
2535,5816.58,3915.56
2538,5161.72,4565.85
2542,5937.72,3926.07
2548,5976.08,3937.16
2550,6011.98,3949.63
2537,5890.02,3918.28
2546,5116.31,4650.34
2591,5032.33,4828.08
2536,5855.3,3917.89
2624,4940.48,4989.35
2547,5789.92,3939.64
2552,5150.98,4593.93
2551,5807.51,3937.52
2556,5184.79,4542.94
2890,5722.31,4446.64
2570,6170.03,4264.06
2557,5746.76,3965.88
2553,5834.01,3935.33
2564,5876.03,3935.47
2561,5217.39,4499.04
2593,5086.98,4731.97
3546,4685.57,5631.29
2592,6254.37,4237.49
2604,6276.23,4186.85
2563,5938.78,3938.24
2582,5128.75,4656.95
2599,6221.99,4282.31
2558,6081.45,3991.76
2559,6035.74,3967.36
2577,5165.57,4591.75
2571,5744.18,3972.31
2573,5710.65,3993.38
2562,5988.69,3949.29
2576,6121.88,4014.75
2580,6186.96,4056.6
2568,5772.18,3960.12
2579,5202.75,4530.94
2572,5802.93,3952.04
2625,6187.98,4323.69
2705,6158.35,4377.26
2741,6076.43,4398.5
2756,5968.79,4417.94
2581,5241.52,4474.74
2583,5669.23,4025.03
2575,6065.86,3985.5
2574,6011.59,3962.87
2692,5000.4,4912.22
2585,5280.57,4424.55
2578,5957.74,3947.93
2584,5898.13,3941.42
2588,5832.75,3946.21
2612,6262.48,4103.75
2633,6303.93,4156.35
2811,4913.32,5066.9
2946,5872.34,4458.63
2586,5708.48,3994.77
2590,5736.88,3978.9
2926,4831.18,5215.37
2589,5677.06,4016.89
2595,5765.39,3964.4
2594,5635.81,4051.13
2596,6041.77,3976.97
2598,5982.84,3957.68
2597,6102.16,4002.43
2602,6164.83,4033.41
2614,5215.09,4530.41
2622,5177.18,4597.19
2601,5923.37,3945.64
2611,5258.25,4463.63
2620,6230.8,4068.54
2610,5304.96,4399.52
2635,5143.92,4664.39
2606,5583.52,4099.12
2609,5860.07,3941.95
2608,5357.12,4335.91
2603,5648.73,4034.74
2607,5674.19,4014.42
3419,5096.43,5201
2616,5794.35,3950.13
2605,5613.88,4065.37
2615,5699.04,3996.03
2736,5100.57,4752.3
2808,5054.65,4840.18
2638,6304.74,4241.92
2664,6278.71,4308.27
2677,6312.21,4284.77
2613,5560.16,4117.14
2626,5728.07,3972.75
2618,6076.04,3990.08
2619,6014.11,3967.73
2623,6139.22,4016.13
2621,5953.1,3951.02
2682,6249.5,4346
3058,4765.75,5365.86
2627,5891.11,3940.23
2634,6202.38,4044.72
2617,5601.58,4071.27
2629,5617.98,4055.8
2651,6327.19,4198.32
2663,6332.47,4230.41
2628,5559.9,4111.25
2630,5467.9,4213.5
2632,5635.99,4038.78
2631,5374.66,4317.44
2636,5822.64,3936.4
2640,5316.48,4392
2656,5267.51,4466.64
2650,6298.16,4101.78
2670,6337.04,4141.01
2639,5499.28,4173.83
2658,5218.53,4544.92
2647,5654.96,4016.88
2649,5758.6,3947.73
2637,5567.26,4100.48
2643,6047.78,3977.96
2644,6111.05,4001.13
2642,5985.61,3957.9
2659,6265.36,4073.57
2645,5924.5,3942.18
2662,5187.3,4604.31
2653,6174.36,4026.99
2898,4973.23,4993.06
2732,6220.87,4388.04
2660,5697.36,3971.91
2655,5865.18,3931.93
2652,5516.25,4152.18
2648,5579.89,4086.85
2654,5430.63,4250.89
2666,5370.13,4325.34
2665,5591.58,4073.79
2673,6354.44,4171.16
2675,6355.63,4194.42
2668,6235.64,4053.09
2845,5179.47,4651.13
2661,5776.39,3929.21
2667,5813.85,3924.2
2671,5528.96,4137.77
2684,6345.19,4271.65
2674,5461.91,4212.4
2694,5323.15,4391.14
3011,5308.37,4604.87
3059,5236.53,4673.42
2669,6017.94,3966.35
2672,5955.95,3947.98
4706,6081.48,3988.46
2679,6145.23,4012.49
2680,5897.33,3934.07
2962,4885.83,5148.82
2695,5640.01,4013.69
2696,5595.36,4064.07
2690,5538.84,4127.55
2676,5734.69,3937.53
2687,6325.28,4098.92
2700,6364.28,4128.47
2699,6364.5,4225.63
2689,5480.31,4191.04
2685,6206.79,4037.39
2688,5409.67,4276.13
4707,5843.8,3924
2722,5248.31,4510.54
2742,5290.08,4446.69
4097,5175.97,5521.27
2714,5213.62,4571.16
2693,6294.28,4077.54
2701,5700.7,3949.03
2704,5667.61,3976.85
2681,5754.69,3922.61
2683,5776.4,3918.17
2716,6374.04,4259.69
2743,6329.11,4335.55
2767,6302.27,4364.47
2717,5545.54,4120.23
2712,5364.88,4337.03
2702,5799.6,3916.81
2706,6265.9,4061.83
2707,6383.97,4172.12
2709,6389.22,4155.08
2715,5491.19,4180.83
2703,6387.62,4195.24
2710,5435.56,4244.48
2719,6392.85,4221
2691,5736.84,3923.38
2698,5720.39,3930.98
2747,6358.15,4314.46
3290,5113.06,4942.08
2697,5749.59,3916.92
2835,6281.37,4409.25
4708,5765.88,3913.4
2759,6386.24,4297.72
3034,5362.5,4561.58
2721,6347.9,4098.64
2725,6377.03,4117.47
2724,5395.68,4297.95
2735,5448.76,4231.47
2744,5497.8,4177.43
2708,5727.24,3922.02
2929,5035.11,4909.76
2727,6320.99,4083.88
4709,5329.28,4391.45
2729,5632.71,4007.69
2740,5593.8,4057.19
2748,5548.65,4114.72
2713,5738.85,3915.58
2711,5705.27,3934.89
2745,6400.91,4250.48
2730,6410.68,4150.46
2738,6409.09,4136.8
2718,5680.68,3954.85
2728,6415.97,4195.5
2737,6419.87,4218.12
2723,5656.71,3976.66
2804,6199.32,4426.31
2852,6155.7,4443.74
2733,6415.83,4177.17
2720,5714.8,3924.91
2734,6420.28,4165.15
2746,5416.76,4272.36
2726,5691.07,3941.07
2758,5359.78,4351.33
2798,5231.67,4552.48
2766,5453.56,4232.98
2771,6411.51,4282.87
2777,5502.69,4175.24
2731,5666.15,3963.24
2762,6425.62,4243.42
2749,6393.81,4115.57
2750,6370.39,4102.64
2794,5267.58,4493.39
2739,5639.07,3993.81
2775,5386,4319.17
2757,6417.99,4130.62
2753,6441.41,4196.16
2760,6444.24,4215.92
2754,5602.65,4040.57
2752,6438.11,4154.5
2755,6439.63,4166.58
2870,6246.1,4445.26
2751,6440.52,4180.24
2782,5415.83,4281.84
2904,5100.49,4804.45
2776,6448.46,4238.31
2761,6440.83,4145.51
2780,5545.91,4116.75
2909,6046.83,4465.1
2930,6112.55,4475.36
2797,5302.92,4438.31
2816,6372.54,4358.68
2824,6346.53,4381.79
2805,5455.41,4239.67
2783,6433.25,4270.31
2815,6400.29,4338.71
2809,5507.66,4169.81
2769,6412.86,4118.97
2770,6431.98,4130.19
2764,6462.03,4195.96
2765,6460.78,4182.19
2763,6461.05,4170.62
2768,6461.76,4160.59
2774,6465.19,4213.31
2943,5983.97,4481.78
2773,6450.1,4142.2
2790,5331.92,4396.42
2807,5350.14,4376.64
2812,6425.45,4318.38
2786,6469.65,4233.99
2772,6463.46,4152.91
2793,6453.74,4262.21
2779,6479.43,4186.66
2781,6481.15,4176.66
2778,6476.52,4195.27
2787,6482.1,4209.68
2827,5411.89,4300.38
2848,6325.08,4405.51
2784,6480.93,4166.21
2789,6448.73,4134.12
2788,6463.93,4144.61
2817,6445.07,4299.05
2785,6475.52,4155.72
2796,6487.37,4229.07
2825,5376.27,4346.9
2802,6473.72,4256.81
2832,5459.8,4241.91
2791,6492.22,4203.64
2792,6497.39,4194.25
2836,5479.73,4214.28
2795,6499.23,4183.55
2810,6458.25,4283.97
2799,6497.05,4172.47
2801,6490.01,4161.14
2814,6492.06,4250.88
2803,6500.93,4222.42
2800,6479,4150.37
2838,5314.16,4433.72
2806,6509.77,4214.05
2813,6514.81,4203.48
2821,6476.82,4280.52
2842,5283.75,4479.57
2867,5246.92,4545.15
2818,6515.29,4191.83
2822,6507.58,4243.91
2819,6511.74,4180.08
2820,6504.19,4168.7
2829,6495.96,4274.17
2823,6519.46,4235.3
2900,6212.07,4478.33
2864,5406.6,4323.24
2826,6526.89,4224.99
2860,5330.62,4424.4
2834,6476.52,4307.1
2988,4943.73,5080.85
2839,6460.97,4330.91
2856,6442.8,4360.76
2828,6530.29,4213.44
2833,6512.36,4267.04
2857,6411.69,4380.03
2862,6385.73,4400.92
2830,6529.5,4201.69
2831,6524.38,4189.51
2844,6497.78,4297.98
2837,6525.95,4258.33
2840,6536.33,4247.78
2875,6360.78,4425.19
2873,5361.36,4389.04
2841,6541.79,4237.07
2843,6543.23,4224.75
2846,6515.29,4290.7
4710,6540.51,4212.33
2894,5403.43,4340.75
2847,6530.42,4282.4
2850,6500.1,4318.91
2861,6490.36,4336.47
2893,6329.48,4446.53
2908,6294.24,4468.43
2849,6542.19,4272.76
2882,5284.05,4498.13
2872,6479.74,4362.03
2851,6549.85,4261.71
2853,6553.35,4249.85
2854,6552.7,4237.17
2855,6516.45,4314.04
2918,5232.1,4605.52
2977,5156.04,4769.05
2858,6532.27,4307.11
2863,6545.54,4297.92
2865,6554.84,4287.66
2868,6513.08,4337.17
2866,6560.43,4275.75
2931,6171.95,4507.1
2869,6561.29,4262.96
2871,6531.1,4331.78
2885,6444.86,4401.81
2886,6472.51,4392.43
2892,6419.95,4417.35
2874,6545.9,4324.05
3167,5178.27,4757.45
2917,5294.6,4512.21
2878,6506.17,4361.05
2897,6398.55,4439.87
2877,6557.34,4313.75
2916,5345.31,4438.08
2879,6564.3,4302.27
2880,6567.02,4289.41
2883,6527.03,4357.13
2939,6264.15,4501.2
2884,6543.92,4350.08
2891,6499.05,4387.79
2887,6556.71,4340.61
2927,6375.43,4474.96
2998,5612.03,4473.58
3006,5531.65,4489.92
2888,6565.59,4329.2
2895,6521.23,4383.31
2889,6569.76,4316.54
3047,4814.74,5291.16
2896,6539.29,4376.66
2899,6553.72,4367.59
2905,6470.04,4423.22
2912,6446.95,4434.14
2906,6493.31,4415.86
2901,6563.81,4356.9
2902,6569.6,4344.04
3024,5773.28,4472.6
3036,5687.78,4469.54
2907,6514.72,4409.95
2911,6427.04,4446.01
2940,6334.97,4494.93
2951,5322.95,4496.34
2910,6533.43,4403.23
2913,6548.69,4394.94
2928,6418.03,4472.9
3004,5004.72,5004.29
2914,6559.8,4384.38
2966,6231.44,4546.21
2915,6566.91,4371.75
3404,4762.43,5471.47
3002,5072.59,4909.29
2920,6488.32,4442.18
2922,6468.48,4450.85
2919,6508.15,4435.92
2921,6526.33,4429.97
2947,6304.78,4512.37
2955,6087.96,4506.2
2972,6048.24,4512.4
2923,6541.79,4421.88
2932,6446.38,4462.76
2924,6554.2,4411.43
2925,6561.73,4399.8
2964,5279.54,4576.97
2973,5226.94,4664.59
2933,6499.97,4460.68
2935,6517.45,4455.7
2934,6483.76,4463.22
2936,6533.32,4448.61
2941,6467.87,4476.49
2938,6546.11,4439.13
2937,6554.99,4427.1
3054,4861.73,5228.54
2953,6411.72,4516.22
2960,6369.14,4526.21
2944,6444.81,4493.5
2967,6133.28,4532.38
2982,6183.31,4567.35
2942,6487.75,4482.02
2945,6506.1,4480.49
2948,6522.75,4474.78
2950,6536.21,4465.96
2949,6546.03,4454.41
2974,6292.23,4556.52
2968,6332.72,4539.74
2952,6470.08,4502.56
2954,6491.52,4504.23
2984,6013.04,4523.4
3009,5952.91,4515.91
2961,6448.41,4526.19
2958,6509.38,4500.49
3030,5859,4498.74
2959,6524.1,4492.44
2957,6534.76,4481.64
2992,5260.81,4639.89
2965,6473.92,4528.71
2975,6427.56,4556.53
2978,6394.56,4560.02
2970,6493.86,4526.09
2986,6095.85,4547.55
3094,5462.85,4509.76
3128,5389.96,4537.98
2969,6521.43,4508.56
2971,6509.74,4519.23
2985,6360.3,4568.62
2976,6455.23,4555.73
3076,4913.2,5170
3016,5223.1,4717.84
2980,6477.2,4552.59
2995,6267.2,4605.98
3007,6224.36,4606.01
3013,6144.12,4591.2
2983,6330.24,4577.16
2979,6506.66,4535.13
2981,6493.83,4546.02
3003,6057.61,4553.03
3041,5172.73,4812.42
2997,6311.76,4610.92
2991,6437.43,4586.12
2993,6410.87,4591.09
2990,6459.83,4580.87
3106,5102.72,4941.82
2996,6381.25,4598.23
2987,6490.66,4562.35
2989,6477.27,4573.31
3020,6191.12,4620.41
2999,6349.34,4607.45
3022,6019.78,4555.52
3026,6100.17,4590.63
3000,6473.97,4590.33
3102,4969.84,5105.71
3001,6460.47,4601.77
3005,6442.67,4610.49
3008,6421.55,4617.49
3038,5212.5,4772.55
3010,6396.87,4624.74
3634,5087.57,5178.45
3028,6290.02,4663.13
3032,6248.95,4650.45
3012,6369.7,4634.08
3019,6336.69,4652.59
3057,5635.1,4474.72
3065,5532.95,4491.34
3085,5587.91,4481.01
3014,6457.18,4618.89
3017,6443.87,4630.74
3123,5031.51,5032.25
3039,6065.31,4590.71
3018,6426.49,4640.31
3029,6219.87,4645.26
3021,6406.46,4647.9
3050,5931.81,4535
3056,5988.97,4561.24
3023,6384.87,4655.12
3136,5293.83,4596.94
3142,5248.46,4636.19
3025,6363.79,4662.94
3043,6133.36,4633.91
3045,6168.61,4646.89
3027,6440.64,4647.42
3327,5125.29,4849.82
3083,5181.56,4847.12
3031,6427.18,4659.43
3033,6410.62,4669.09
3040,6349.2,4687.06
3046,6319,4698.33
3055,6200.72,4665.71
3035,6391.53,4676.59
3060,6037.02,4591.73
3037,6371.75,4682.21
3069,5778.67,4487.51
3073,5718.71,4477.86
3061,6100.57,4628.3
3042,6423,4676.27
3051,6257.18,4699.16
3064,6284.63,4721.82
3052,6228.86,4682.38
3086,5880.35,4520.3
3099,5822.65,4502.13
3044,6409.27,4688.49
3049,6392.7,4697.39
3188,5322.62,4568.89
3053,6375.28,4702.76
3088,5663.39,4475.96
3048,6359.47,4704.45
3104,5178.95,4889.72
3072,6073.01,4625.22
3063,6338.23,4719.01
3160,5140.55,4939.42
3062,6403.42,4705.5
3070,6154.99,4678.01
3081,6126.75,4668.49
3066,6389.43,4717.01
3074,6182.78,4691.36
3079,6309.16,4741.95
3207,4844.06,5293.86
3240,4809.91,5362.32
3068,6355.89,4726.22
3067,6373.25,4724.31
3071,5967.48,4558.15
3075,5949.86,4552.06
3089,5923.46,4541.55
3084,6231.57,4725.53
3092,6253.23,4748.09
3078,6208.46,4707.24
3216,4883.73,5254.41
3080,6019.96,4595.67
3082,5992.09,4577.39
3098,5622.41,4478.08
3243,5200.48,4677.27
3269,5167.81,4727.11
3090,6051.54,4623.74
3096,6100.91,4661.75
3087,6382.65,4734.11
3093,6331.47,4750.79
3117,6273.33,4776.88
3146,5537.55,4489.47
3177,5464.19,4503.95
3091,6368.02,4744.84
3095,6350.75,4751.04
3113,5727.02,4484.2
3118,5768.07,4492.46
3103,6168.89,4718.64
3108,6145.05,4708.59
3097,5972.2,4568.09
3109,6078.99,4656.25
3119,5680.33,4479.89
3107,6191.11,4730.03
3100,5952.72,4559.93
3236,4934.09,5204.45
4552,5275.51,5677.24
3110,6210.23,4745.9
3122,6302.39,4781.05
3105,6010.95,4599.23
3111,6036.12,4622.23
3121,6121.78,4699.88
3101,5991.13,4583.85
3184,5156.69,4956.14
3129,6226.01,4768.25
3139,5590.05,4482.4
3112,5894.2,4531.89
3120,5848.99,4514.79
3114,6359.56,4763.05
3133,5634.53,4479.81
3116,5931.09,4550.88
3127,6061.09,4651.04
4712,6343.81,4774.05
3149,6239.06,4795.07
3124,6324.8,4780.16
3195,5394.69,4525.61
3132,6100.81,4691.71
3115,5977.89,4578.21
3134,5800.09,4501.38
3126,5961.17,4570.31
3125,6000.6,4597.12
3255,4989.08,5147.99
3137,6177.3,4754.9
3144,6156.81,4747.31
3189,5159.68,4987.62
3131,6023.62,4618.8
3256,5046.67,5088.46
3261,5095.96,5047.84
3130,6194.34,4760.49
3153,6136.05,4738.59
3147,6082.79,4683.86
3148,6203.48,4781.77
3145,6046.9,4645.06
3138,5910.25,4541.61
3141,5870.25,4523.95
3151,5724.4,4487.43
3154,5688.98,4483.32
4713,6333.92,4793.59
3135,5987.3,4590.44
3143,5944.12,4560.76
3164,6272.42,4818.46
3173,6245.5,4826.71
3158,5753.97,4492.93
3169,5647.83,4481.66
3155,5825.31,4509.39
3163,6116.91,4729.05
3162,6296.52,4813.35
3157,6316.76,4805.54
3150,6011.68,4612.39
3152,5973.21,4581.23
3161,6068.05,4675.27
3241,5333.33,4550.6
3170,6212.48,4808.78
3165,6183.51,4787.07
3159,6034.53,4637.13
3171,6100.12,4719.22
3181,5602.63,4482.66
3168,5779.84,4498.46
3156,5999.19,4602.99
3208,5248.82,4617.57
3222,5271.34,4593.74
3175,6163.71,4784.32
3197,5553.27,4486.73
3623,5080.27,5095.74
3260,5201.23,4648.82
3180,6144.58,4777.26
3172,6055.62,4665.2
3227,5496.33,4493.98
3178,6085.74,4708.38
3182,6188.84,4817.6
3192,6217.94,4838.26
3166,6023.06,4626.65
3174,5693.03,4485.08
3179,5713.79,4487.92
3185,6127.14,4767.72
3190,5660.27,4483.37
3183,6306.15,4826.32
3191,6288.07,4839.41
3187,5736.92,4491.11
3176,6044.83,4653.36
3258,5128.17,5035.79
3186,6073.93,4696.68
3196,6267.05,4849.64
3194,6112.01,4756.38
3201,6243.21,4858.95
3199,6167.11,4820.2
3326,5126.71,4794.63
3202,5618.39,4483.37
3204,6192.56,4848.12
3200,6099.18,4744.06
3193,6064.27,4683.11
3211,6218.14,4868.45
3198,5675.99,4485.15
3206,6147.85,4816.45
3265,5389.93,4516.65
3279,5434.84,4502.93
3203,6088.7,4730.74
3209,5696.7,4486.9
3210,6131.45,4807.31
3220,5571.82,4484.84
3215,6168.22,4855.8
3214,6276.83,4860.73
3249,5145.85,5043.24
3213,6118.23,4795.11
3205,6080.36,4715.55
3264,5283.92,4574.35
3237,5152.57,5066.17
3212,5636,4484.04
3221,6257.86,4875.26
3223,6193.53,4877.96
3217,6107.34,4781.63
3299,5326.6,4537.9
3226,6236.23,4887.12
3248,5520.43,4488.73
3225,5655.64,4484.53
3224,6145.96,4857.19
3218,6098.75,4766.69
3233,6212.94,4897.81
3231,5591.42,4484.3
3219,6092.53,4750.46
3228,6169.01,4886.9
3230,6129.67,4848.92
3310,4853.34,5334.79
3271,5228.54,4614.07
3229,6118.32,4835.46
3238,6189.22,4907.17
3242,5612.21,4483.88
3232,6109.66,4820.44
3239,6245.38,4896.47
3244,6140.18,4900.58
3335,4898.46,5297.67
3235,6103.57,4804.45
3234,6099.66,4787.33
3262,5543.39,4485.7
3246,6225.85,4911.65
3272,5249.24,4592.88
3245,6166.54,4914.62
3259,6119.03,4897.39
3257,6203.69,4924.53
3285,5466.19,4494.58
3250,6147.64,4920.04
3252,6105.93,4860.32
3253,6111.43,4877.34
3277,5566.06,4484.18
3251,6102.54,4843.4
3263,6180.29,4935.31
3247,6101.41,4825.32
3354,4948.89,5254.05
3283,5154.3,5128.27
3296,5145.25,5110.56
3267,6157.28,4943.86
3275,6211.96,4932.69
3409,4821.58,5417.99
3307,5281.57,4560.91
3341,5148.22,4702.58
3268,6120.43,4945.35
3276,6107.71,4938.56
3274,6136.5,4948.29
3280,6191.37,4948.01
3266,6097.36,4864.09
3292,5492.78,4489.05
3314,5128.13,5107.97
3270,6095.3,4882.68
3273,6095.51,4900.65
3278,6097.1,4918.48
3668,4731.6,5584.2
3367,5002.7,5205.78
3357,5054.97,5160.88
3284,6168.4,4961.33
3330,5098.57,5126.18
3281,6096.83,4936.68
3338,5185.86,4630.12
3386,5149.45,4665.21
3301,5517.22,4486.11
3288,6143.62,4972.75
3308,5245.55,4581.63
3312,5379.8,4510.62
3317,5337.41,4523.24
3282,6086.78,4903.42
3291,6120.42,4979.82
3287,6086.12,4978.19
3293,6100.41,4982.22
3360,5116.3,4759.97
3286,6081.81,4922.02
3315,5215.9,4603.21
3289,6078.64,4940.03
3297,6176.58,4968.37
3295,6079.22,4969.36
3294,6077.02,4956.93
3318,5412.76,4501.12
3300,6154.97,4983.79
3298,6069.99,4942.59
3319,5163,5177.7
3333,5151.93,5163.14
3303,6129.83,4997.9
3322,5441.2,4494.28
3302,6061.56,4961.47
3305,6050.89,5008.62
3316,6054.16,5021.74
3311,6099.13,5013.31
3304,6055.47,4978.89
3542,5072.22,4941.78
3675,5061.63,5046.42
3309,6080.13,5014.89
3334,5467.6,4489.85
3306,6051.63,4994.74
3358,5135.35,5160.16
3320,6139.56,5002.91
3313,6046.55,4981.86
3348,5264.14,4553.35
3365,5286.8,4537.22
3323,6116.85,5018.28
3321,6034.87,5000.58
3329,6090.67,5033.17
3324,6025.31,5018.25
3325,6018.18,5034.36
3331,6012.53,5049.85
3355,5236.45,4571.56
3356,5208.54,4590.39
3328,6063.18,5039.36
3336,6039.36,5049.06
3437,4864.6,5384.06
3339,6061,5049.98
3347,5340.71,4515.47
3350,5364.41,4507.73
3332,6016.26,5021.56
3376,5111.19,5177.96
3379,5178.6,4612.73
3342,6005.47,5066.82
3383,5302.06,4525.07
3359,5390.78,4500.49
3361,5177.36,5217.46
3377,5163.52,5206.24
3343,6101.63,5035.6
3340,6001.13,5040.46
3371,5416.73,4495.28
3346,6078.5,5050.23
3344,5988.08,5058.27
3345,5976.54,5075.19
3434,5085.83,4813.57
3467,5086.49,4860.71
3351,6030.95,5066.33
3352,6052.4,5064.81
3435,5069.89,5231.33
3364,5966.64,5090.54
3349,5979.66,5061.92
3393,5145.79,5202.12
3487,4909.1,5355.73
3363,5998.45,5082.48
3878,4715.2,5722.6
3883,4693.96,5757.87
3415,5145.92,4640.05
3368,6024.6,5079.15
3366,5960.68,5081.46
3443,5095.74,4740
3453,5107.7,4701.4
3375,5958.2,5104.29
3370,6063.02,5065.78
3369,5943.39,5099.66
3378,5928.07,5116.19
3373,6040.03,5079.11
4714,5319.81,4515.66
3390,5218.96,4566.21
3405,5237.6,4550.95
3374,5936.16,5103.82
3395,5342.83,4507.63
3372,5994.59,5093.8
3380,6014.55,5091.94
3836,5098.07,5364.2
3935,5103.82,5402.36
3521,4960.48,5316.74
3389,5203.36,4580.19
3414,5176.33,4596.63
3508,5014.75,5271.04
3401,5127.1,5204.3
3407,5367.31,4501.75
3479,5075.24,4783.84
3396,5197.48,5248.83
3411,5180.96,5241.63
3797,5092.32,5337.46
3381,5957.52,5112.73
3388,5914.67,5130.28
3416,5255.47,4537.07
3384,5913.46,5123.79
3382,5987.69,5104.46
3394,5891.15,5143.25
3387,6024.28,5092.59
3385,5963.61,5115.3
3392,6001.22,5104.57
3391,5887.09,5146.99
3398,5902.93,5141.92
3461,5105.84,5242.86
3429,5159.65,5240.62
3403,5872.82,5158.06
3446,5144.36,4619.37
3397,5975.94,5115.84
3400,5924.16,5135.45
3399,5948.68,5126.9
3428,5274.2,4525.79
3402,5860.27,5168.54
3468,5110.04,4670.97
3406,5985.26,5116.31
3413,5856.93,5168.61
3425,5181.3,4581.25
3449,5193.94,4565.72
3412,5835.72,5190.56
3408,5962.13,5126.51
3441,5134.36,5243.77
3426,5826.18,5192.92
3433,5295.52,4516.83
3447,5318.4,4509.88
3424,5223.79,5271.82
3445,5204.39,5268.88
3410,5936.12,5136.9
3418,5869.04,5162.55
3420,5835.75,5180.14
3417,5899.85,5151.04
3427,5805.34,5212.54
3430,5814.84,5197.68
3683,4804.4,5502.48
3737,4771.34,5569.26
3460,5209.92,4551.04
3422,5945.61,5136.59
3423,5924.01,5145.27
3622,4838.26,5453.85
3421,5903.75,5152.6
3466,5179.95,5272.84
3432,5784.13,5231.4
3438,5799.52,5203.13
3464,5146.79,4600.71
3498,5110.13,4645.81
3471,5227.58,4538.22
3436,5868.43,5166.69
3439,5844.93,5174.5
3444,5804.17,5192.91
3805,5082.43,5323.29
3454,5778.56,5210.18
3440,5885.34,5161.18
3442,5906.33,5154.18
3455,5254.94,5286.3
3475,5233.95,5287.56
3499,5154.02,4583.51
3451,5768.95,5231.02
3452,5766.56,5238.36
3448,5754.32,5251.1
3482,5248.66,4527.48
3494,5150.59,5282.41
3458,5760.58,5230.19
4131,5113.09,5451.78
3457,5733.69,5268.16
3502,5271.1,4519.53
3544,5057.67,4859.03
3583,5053.71,4825.45
3593,5074.62,5309.05
3642,5026.72,5336.07
3450,5828.73,5180.89
3456,5842.47,5176.37
3676,4870.08,5446.26
3463,5747.08,5231.7
3462,5795,5193.63
3459,5863.8,5169.96
3551,5115.57,5294.71
3533,5070.66,4731.38
3553,5059.16,4764.71
3465,5749.22,5219.32
3476,5753.2,5211.7
3513,5207.68,5296.1
3527,5112.41,4624.13
3472,5718.38,5273.43
3474,5712.47,5281.03
3516,5166.88,4567.73
3469,5789.1,5193.9
3470,5720.91,5265.79
3477,5717.99,5260.43
3554,5075.09,4701.51
3478,5730.14,5234.12
3481,5290.01,5293.05
3501,5269.02,5297.55
3473,5815.44,5185.13
3480,5675.61,5306.3
3483,5710.34,5256.93
3532,5182.63,4553.31
3485,5745.99,5209.65
3489,5699.96,5254.79
3574,5117.43,4605.04
3484,5712.74,5236.96
3490,5713.76,5230.84
3564,5175.15,5311.92
3630,5051.26,4906.88
3585,5076.61,4675.07
3488,5763.09,5201.5
3492,5731.45,5211.51
3491,5674.52,5298.08
3497,5672.81,5291.83
3555,5201.09,4541.15
3486,5675.39,5302.85
3547,5242.55,5309.8
3495,5708.01,5226.24
3505,5668.92,5285.47
3496,5688.47,5252.72
3625,5042.64,4801.5
3493,5637.15,5328.57
3509,5612.35,5344.66
3500,5325.36,5292.79
3523,5306.55,5299.17
3582,5223.61,4531.53
3511,5663.2,5279.57
3504,5680.01,5249.05
3503,5697.04,5224.66
3506,5629.77,5328.76
3708,4914.2,5437.16
3507,5709.78,5216.96
3515,5656.77,5274.26
3510,5673.09,5244.04
3520,5625.87,5324.18
3512,5681.46,5226.15
3529,5586.13,5357.56
3618,5135.62,5333.95
3514,5663.41,5240.03
3518,5648.22,5268.26
3530,5623.71,5316.58
3608,5078.05,4651.41
3595,5126.53,4587.43
3517,5357.71,5289.06
3536,5345.19,5295.4
3568,5282.72,5313.52
3519,5650.91,5238.31
3524,5640.46,5262.78
3534,5622.07,5307.79
3545,5575.06,5358.19
3522,5657.59,5231.44
3674,4973.52,5379.82
3548,5545.45,5383.6
3528,5630.54,5257.53
3538,5619.34,5298.55
3525,5638.71,5238.34
3601,5208.5,5330.52
4715,5618.29,5253.43
3541,5615.01,5290.5
3610,5139.32,4572
3526,5379.79,5284.77
3540,5377.8,5288.14
3550,5608.06,5283.27
3535,5604.37,5250.64
3566,5574.69,5350.39
3539,5595.62,5248.06
3581,5326.73,5309.14
3556,5598.57,5276.9
3531,5399.36,5282.27
3637,5082.16,4630.07
3560,5586.64,5270.79
3586,5510.7,5399.61
3578,5574.72,5339
3537,5428.92,5277.35
3557,5408.94,5284.45
3620,5156.9,4557.81
3613,5044.38,4752.9
3621,5044.97,4730.79
3577,5576.62,5326.62
3562,5571.13,5266.2
3563,5548.24,5263.87
3579,5375.45,5298.58
3543,5459.65,5271.24
3558,5445.21,5277.04
3570,5578.89,5314.27
3552,5528.31,5261.63
3569,5575.38,5304.86
3697,5033.31,4962.43
3705,5034.83,5023.86
3549,5489.56,5266.05
3559,5472.79,5270.05
3645,5036.79,4857.73
3669,5032.47,4890.72
3597,5519.53,5386.01
3840,4731.63,5665.86
3616,5250.86,5337.64
3599,5467.6,5430.1
3561,5495.5,5267.38
3571,5566.47,5297.78
3655,5089.87,5360.94
3565,5509.88,5268.28
3650,5030.24,4781.63
3646,5044.37,4705.24
3640,5177.18,4546.57
3573,5555.96,5290.67
3580,5425.94,5289.41
3567,5472.86,5276.23
3575,5542.92,5284.26
3576,5525.13,5279.47
3572,5500.06,5277.22
3649,5166.04,5359.68
3605,5522.09,5373.91
3584,5459.5,5288.88
3614,5299.54,5332.25
3588,5534.53,5320.63
3589,5546.97,5325.34
3596,5536.16,5340.51
3591,5523.79,5313.09
3587,5482.89,5291.75
3592,5513.79,5304.03
3647,5089.36,4610.71
3590,5501.21,5296.73
3603,5525.36,5359.05
3598,5393.01,5307.77
3604,5348.31,5319.53
3594,5427.13,5300.37
3667,5026.91,4839.01
3600,5445.48,5303.27
3654,5045.72,4680.73
3626,5454.67,5426.6
3631,5423.62,5452.97
3602,5463.11,5307.64
3611,5487.66,5339.32
3615,5505.03,5345.94
3606,5474.8,5315.45
3609,5480.67,5326.66
3696,5040.08,5393.12
3607,5409.16,5314.77
3653,5100.31,4593.44
3633,5480.7,5372.83
3629,5475.32,5406.24
3619,5370.05,5327.79
3638,5384.88,5481.93
3612,5428.1,5319.86
3662,5207.36,5371.77
3617,5444.78,5322.94
3635,5459.67,5401.76
3632,5324.9,5346.22
3624,5442.33,5336.07
3627,5391.21,5334.41
3670,5048.82,4658.3
3636,5439.54,5354.37
3664,5115.41,4577.94
3644,5440.47,5376.44
3628,5413.1,5338.52
3661,5021.5,4760.78
3658,5262.84,5371.82
3688,5114.83,5397.65
3639,5354.21,5349.01
3673,5134.45,4564.77
3678,5017.52,4736.96
3744,4833.91,5518.98
3780,5043.73,5165.75
3807,5057.68,5238.85
3641,5399.98,5360.95
3679,5014.5,4817.51
3648,5415.7,5440.83
3652,5379.54,5473.62
3643,5369.91,5358.82
3692,5026.5,4927.8
3657,5341.61,5505.88
3663,5312.25,5379.77
3651,5414.07,5412.37
3872,5064.74,5334.46
3660,5381.39,5448.08
3656,5385.84,5388.94
3680,5054.19,4637.5
3666,5302.42,5537.62
3659,5345.44,5390.1
3719,4988.55,5434.34
3665,5366.63,5422.6
3691,5015.5,4876.82
3687,5016.39,4712.63
3686,5063.45,4618.41
3671,5339.73,5487.67
3698,5152.86,5415.78
3693,5003.59,4794.97
3672,5351.11,5450.92
3682,5298.38,5526.75
3694,5076.72,4601.47
3700,5017.89,4689.21
3720,5058.08,5439.68
3677,5320.16,5429.22
3684,5258.63,5563.6
3685,5245.02,5420.25
3695,5200.31,5418.73
3681,5283.06,5425.64
3690,5303.93,5494.27
3707,4995.72,4771.33
3703,5094.19,4586.89
3699,5286.09,5478.8
3689,5218.2,5597.64
3704,5001.02,4856.78
3820,4753.62,5630.76
3713,5009.33,4917.39
3709,5021.87,4667.11
3702,5255.17,5543.91
3776,4936.59,5486.08
3770,5024.67,5110.16
3786,4863.83,5528.58
3701,5251.76,5471.63
3715,4990.96,4746.92
3717,4988.21,4833.56
3716,5029.34,4646.92
3706,5222.23,5465.41
3712,5213.69,5587.71
3798,4802.32,5583.05
3711,5174.27,5626.96
3714,5186.62,5463.83
3718,5040.8,4628.52
3723,4990.03,4722.7
3743,5084.82,5480.36
3710,5134.62,5662.83
3727,5206.78,5556.51
3729,4990.95,4900.31
3725,5007.87,4961.74
3732,4977.89,4808.87
3730,5056.45,4612.29
3722,5142.23,5470.21
3753,5002.98,5482.53
3734,5008.95,5013.64
3728,5200.58,5528.28
3733,4992.46,4699.84
3721,5195.96,5505.72
3736,5165.42,5611.9
3742,4975.41,4876.26
3764,5008.66,5069.91
3724,5166.99,5506.33
3739,4970.02,4783.65
3830,4889.36,5550.06
3740,4998.12,4678.44
3726,5052.73,5729.84
3731,5091.33,5694.05
3735,5127.95,5655.34
3749,4985.86,4948.57
3741,5140.71,5504.72
3748,4966.64,4759.1
3745,5008.02,4658.49
3755,4963.56,4849.07
3752,5021.23,4640.99
3806,4952.14,5530.67
3775,5017.34,5526.44
3751,5134.73,5558.95
3768,5085.6,5541.3
3756,4966.59,4735.43
3754,5119.87,5541.4
3763,4985.23,5001.5
3746,4975.05,5797.32
3750,5011.2,5762.28
3758,5126.49,5600.11
3759,5107.95,5641.62
3771,4963.55,4927.52
3757,5045.5,5724.82
3762,4953.93,4823.34
3761,4969.94,4712.86
3791,4986.05,5061.86
3760,5078.26,5684.85
3861,4777.93,5642.54
4380,5127.64,5509.32
3772,4947.59,4797.98
3767,4978.12,4691.88
3777,4951.81,4891.65
3793,5023.9,5573.61
3850,4828.55,5600.21
3773,4990.03,4672.69
3766,4903.45,5864.17
3769,4936.47,5829.51
4308,4760.51,5826.35
3779,4944.89,4773.43
3783,4963.2,4983.44
3774,4968.57,5793.84
3778,5070.67,5596.59
3789,5062.28,5637.56
3819,4964.23,5572.6
3784,4941.31,4864.79
3785,4945.86,4750.21
3782,4999.06,5757.25
3792,5047.13,5678.35
3787,5024.73,5718.27
3790,4951.68,4728.11
3794,4932.96,4838.79
3811,4962.9,5040.65
3837,4990.03,5140.64
4594,5418.87,5812.94
3781,4838.56,5930.04
3788,4869.38,5896.03
3799,4961.76,4707.56
3804,5017.81,5625.63
3796,4899.33,5861.46
3847,5010.02,5214.05
3795,4941.68,4927.83
3813,4942.73,4966.33
3801,4927.91,4814.1
3803,4927.18,5826.18
3832,4971.66,5612.07
3856,4906.11,5585.51
3802,4931.71,4906.04
3817,5005.22,5674.61
3808,4926.73,4790.03
3877,5027.56,5288.59
3800,4779.48,5992.25
3809,4807.8,5960.17
3810,4952.01,5791.06
3831,4942.45,5017.34
3815,4922.21,4881.75
3812,4929.37,4767.06
3903,4851.17,5618.81
3818,4973.11,5755.57
3814,4836.58,5926.3
3827,4990.41,5717.66
3821,4936.91,4745.51
3848,4962.91,5105.34
3843,4968.88,5657.44
3823,4914.63,4856.59
3822,4926.27,4948.4
3824,4863.53,5891.9
3974,5082.09,5444.45
4020,5092.53,5461.76
3916,4801.79,5664.09
3816,4728.9,6050.9
3825,4753.96,6019.99
3829,4911.07,4831.99
3838,4914.72,4925.39
3828,4887.46,5858.62
3849,4955.03,5709.83
3972,5068.17,5441.61
3864,4917.65,5624.19
3914,5041.53,5367.77
3834,4911.81,4808.33
3835,4780.04,5987.66
3839,4907.12,5827.94
3862,4941.93,5073.9
3846,4916.94,4785.86
3841,4925.05,4994.42
3845,4805.95,5954.72
3844,4905.46,4900.91
3833,4685.91,6106.57
3842,4707.82,6076.89
3860,4937.66,5759.74
3854,4922.01,5797.97
3870,4926.45,5659.25
3930,4760,5690.41
3859,4911.18,4971.24
3852,4899.88,4876.33
3851,4830.65,5921.11
3855,4731.54,6045.91
4425,4845.61,5861.5
4434,4833.72,5864.45
3858,4851.5,5891.45
3857,4898.18,4851.84
3921,4867.96,5644.26
3868,4924.2,5045.83
3876,4933.71,5683.07
3853,4649.62,6159.4
3863,4668.84,6131.29
3867,4900.73,4828.53
3865,4756.3,6013.64
4111,5101.31,5490.82
3889,4960.37,5179.76
3891,4979.31,5242.78
3866,4900.17,4946.71
3873,4864.12,5870.12
3987,4748.63,5733.04
3881,4909.35,5019.44
3875,4690.59,6101.55
3888,4915.12,5739.96
3874,4892.52,4921.97
3871,4780.75,5980.23
3941,4996.17,5336.5
3895,4940.87,5135.6
3906,4892.5,5800.54
3981,4822.46,5686.35
3879,4803.56,5948.14
3880,4889.31,4897.41
3869,4619.45,6210.05
3882,4636.17,6183.21
3899,4866.42,5855.17
3884,4713.56,6069.82
3918,4878.55,5678.35
3890,4889.81,4873.28
3886,4823,5920.4
3887,4897.32,4993.91
4003,4782.28,5715.35
3897,4923.52,5099.86
3893,4655.63,6154.28
3926,4884.25,5717.43
3892,4737.47,6037.13
3894,4888.43,4968.9
3902,4908.57,5069.61
3885,4595.19,6258.43
3896,4609.24,6232.45
3936,4892.13,5745.24
3898,4761.92,6002.88
3991,5050.3,5454.83
3908,4818.88,5922.44
3900,4883.17,4944.06
3905,4677.1,6124.05
3956,5017.05,5407.59
4098,4754.89,5783.33
4162,4748.76,5798.56
3904,4787.13,5966.65
3910,4882.49,4919.61
3907,4896.45,5042.47
3909,4626.35,6205.01
3911,4700.36,6091.9
3901,4576.61,6304.29
3912,4587.91,6279.67
3913,4886.92,5016.77
3966,4853.74,5841.69
3927,4938.08,5198.74
3940,4954,5255.49
3970,4967.93,5328.23
3920,4724.85,6057.51
3922,4646.26,6176.02
3919,4880.5,4991.54
3923,4922.68,5154.64
3925,4602.83,6253.43
3928,4908.7,5119.74
3924,4750.09,6020.71
3939,4805.85,5938.51
3947,4832.31,5894.65
3931,4877.96,4966.93
3917,4563.7,6347.72
3929,4572.46,6324.41
3932,4896.82,5090.69
4002,4839.05,5703.45
3934,4776.72,5980.49
3933,4668.38,6144.88
3938,4886.99,5064.7
3942,4620.68,6225.55
3945,4692.36,6111.47
3944,4584.81,6299.01
3943,4880.18,5039.6
4001,5030.57,5480.45
4492,5153.69,5578
4089,4801.95,5755.65
3937,4556.24,6388.01
3946,4562.39,6365.8
3990,4848.84,5728.09
4008,4851.04,5769.2
3951,4876.93,5014.97
3953,4718.06,6074.68
3949,4641.05,6196.08
3948,4908.53,5166.73
3955,4920.66,5207.48
3958,4744.49,6033.85
3959,4600.23,6272.62
4012,4845.17,5827.41
3969,4933.6,5259.01
3952,4897.83,5136.29
3960,4572.07,6341.88
4049,4769.82,5752.44
3957,4888.55,5111.61
3963,4663.97,6164.14
3964,4769.17,5995.06
4298,5110.36,5530.86
3950,4553.62,6424.27
3962,4557.4,6404.02
3961,4881.49,5087.23
3985,4783.18,5976.4
3996,4946.53,5321.76
4011,4995.88,5454.98
4016,4976.83,5415.99
3968,4618.71,6244.77
3971,4877.34,5062.97
3975,4585.27,6316.59
3977,4689.17,6128.45
3976,4564.86,6381.36
4018,4798.44,5951.44
3965,4899.48,5173.57
3978,4907.47,5208.23
3982,4639.7,6214.75
3967,4556.19,6457.29
3979,4557.54,6438.63
3973,4891.84,5156.07
3986,4716.6,6087.64
4557,5073.02,5901.19
3994,4918.09,5255.65
4036,5011.27,5514.59
3980,4884.49,5134.01
3993,4746.91,6039.03
3984,4601.26,6289.87
3997,4575.53,6356.8
3995,4879.71,5110.59
3998,4562.7,6417.16
4004,4663.19,6182.07
3988,4897.55,5199.08
4054,4807.61,5930.99
3983,4563.67,6486.41
3999,4562.52,6469.29
4005,4619.82,6262.3
4015,4929.71,5312.48
4027,4957.44,5394.77
4065,5055.68,5545.04
4080,5070.48,5545.48
4000,4890.03,5180.91
4133,5083.4,5555.13
4007,4589.02,6331.43
4013,4571,6393.8
4022,4689.94,6144.47
4009,4906.31,5245.65
4017,4565.17,6449.41
4014,4884.16,5158.3
4092,4817.91,5773.53
4024,4641.15,6233.12
4006,4576.03,6511.26
4019,4572.27,6496.15
4023,4605.16,6305.41
4030,4756.54,6034.16
4028,4720.7,6097.62
4109,4765.21,5780.71
4021,4897.41,5228.77
4459,4896.12,5872.62
4062,4829.98,5767.64
4067,4830.61,5804.62
4070,5039.73,5556.32
4506,5212.31,5604.02
4029,4916.53,5298.99
4039,4940.62,5377.43
4026,4582.38,6368.92
4031,4571.44,6427.11
4033,4572.33,6477.82
4034,4891.02,5206.83
4076,5022.99,5579.9
4145,4786.93,5785.05
4043,4665.43,6200.7
4037,4623.53,6278.98
4025,4592.84,6531.09
4035,4586.47,6518.33
4038,4596,6343.1
4084,4824.75,5857.32
4041,4906.57,5280.85
4509,5184.41,5590.85
4051,4980.73,5504.89
4064,4994.78,5548.1
4112,4807.16,5927.96
4042,4580.8,6402.48
4046,4927.09,5359.29
4055,4965.08,5473.52
4044,4576.31,6456.67
4079,4769.35,6022.52
4045,4583.94,6501.85
4225,5093.84,5575.63
4050,4899.58,5257.92
4059,4693.46,6162.45
4048,4611.14,6318.22
4056,4644.46,6252.18
4040,4613.92,6545.58
4047,4605.15,6535.15
4052,4592.49,6376.65
4060,4950,5448.66
4081,4728.82,6110.1
4058,4916.8,5338.03
4057,4583.54,6432.99
4481,4954.63,5882.24
4061,4585.15,6482.59
4063,4599.72,6521.19
4095,5005.93,5613.63
4069,4628.44,6295.88
4066,4605.76,6350.65
4072,4937.11,5425.2
4053,4638.62,6553.93
4068,4627.59,6546.34
4074,4909.29,5312.95
4073,4593.88,6407.15
4088,4668.67,6223.18
4075,4590.22,6460.42
4078,4597.93,6504.08
4083,4926.7,5400.34
4082,4619.42,6534.85
4077,4618.01,6327.7
4199,4779.93,5807.35
4086,4970.48,5551.21
4090,4983.12,5582.57
4085,4606.44,6379.14
4071,4665.95,6556.01
4087,4653.24,6551.33
4140,4781.3,6010.05
4091,4957.76,5522.51
4100,4648.8,6273.96
4096,4599.12,6435.27
4102,4919.27,5372.81
4119,4695.81,6191.05
4103,4945.83,5495.06
4093,4600.41,6484.02
4130,4818.57,5826.01
4101,4614.7,6520.15
4105,4993.11,5613.59
4138,5045.28,5631.84
4169,5058.51,5637.38
4099,4619.65,6349.56
4156,4814.83,5876.42
4106,4642.91,6542.3
4104,4633.11,6315.73
4143,5031.85,5641.99
4094,4695.35,6552.3
4108,4681.49,6550.18
4107,4935.91,5467.29
4110,4610.8,6406.98
4113,4606.95,6460.89
4136,5018.21,5666.84
4716,4613.79,6502.93
4144,4751.66,6089.81
4229,5072.18,5645.01
4167,4721.99,6164.21
4116,4635.12,6530.13
4121,4928.92,5437.09
4187,4804.87,5935.57
4118,4624.33,6375.42
4115,4975.18,5623.93
4117,4963.93,5595.72
4123,4669.26,6543.72
4127,4672.03,6250.61
4208,4806.77,5830.97
4241,4798.92,5832.03
4120,4985.81,5649.51
4122,4953.3,5567.01
4194,4811.46,5843.02
4124,4617.1,6482.74
4114,4725.85,6542.87
4129,4711.25,6543.43
4128,4996.24,5669.04
4139,5005.86,5698.04
4134,4617.68,6434.1
4248,4777.45,5823.54
4328,4780.16,5838.36
4126,4638.48,6339.78
4132,4653.64,6299.07
4125,4630.43,6515.45
4135,4944.32,5537.24
4142,4659.04,6533.68
4148,4937.48,5505.1
4149,4697.76,6539.08
4150,4632.05,6402.15
4343,5103.23,5607.68
4209,4789.82,6003.2
4151,4625.88,6459.08
4137,4756.67,6528.41
4155,4741.75,6531.17
4146,4979.47,5691.23
4147,4969.47,5666.83
4152,4651.24,6520.98
4154,4960.2,5638.73
4160,4646.47,6365.3
4174,4696.64,6228.18
4153,4989.25,5710.57
4161,4951.9,5608.3
4165,4686.01,6530.99
4141,4629.69,6498.75
4163,4634.68,6479.66
4164,4645.96,6506.88
4168,4660.18,6324.93
4171,4676.42,6280.39
4157,4997.55,5723.55
4173,4727.95,6528.98
4215,4810.4,5888.6
4432,5122.23,5580.12
4299,5084.18,5655.67
4178,4639.7,6430.26
4172,4945.7,5575.73
4182,5014.08,5744.09
4192,5027.45,5717.8
4159,4787.19,6509.19
4175,4772.64,6514.14
4186,5037.5,5693.68
4227,5046.67,5710.93
4189,5002.95,5764.15
4213,4769.42,6075.9
4170,4643.28,6493.38
4177,4675.74,6520.14
4228,4745.25,6147.45
4296,4793.34,5843.73
4176,4974.72,5735.19
4180,4983.67,5755.86
4179,4966.26,5709.11
4191,4715.05,6522.83
4196,4659.92,6391.67
4190,4646.01,6456.62
4185,4666.91,6507.06
4184,4993.09,5768.14
4183,4958.84,5679.53
4198,4758.67,6514.12
4262,4805.6,5943.03
4456,4825.63,5869.96
4181,4816.79,6485.54
4197,4802.76,6492.76
4201,4670.53,6348.04
4195,4953.25,5646.81
4421,4793.7,5858.08
4193,4653.01,6476.96
4188,4659.8,6492.75
4204,4703.14,6513.22
4496,5003.22,5888.71
4234,4720.61,6210.43
4206,4682.71,6308.17
4292,5058.58,5739.89
4221,4699.41,6263.45
4217,4745.39,6509.48
4220,4789.21,6494.49
4202,4971.42,5778.39
4203,4978.98,5802.26
4211,4692.28,6501.16
4222,4663.23,6428.49
4205,4965.07,5749.98
4207,4987.33,5819.57
4200,4844.58,6457.7
4212,4831.48,6466.82
4232,5008.47,5816.67
4236,5021.18,5792.94
4214,4960.11,5717.75
4223,4996.92,5826.07
4218,4682.12,6487.86
4233,5034.17,5759.94
4288,4796.83,5999.78
4717,4672.88,6473.55
4216,4666.82,6454.94
4718,4733.01,6501.12
4281,4808.61,5891.51
4253,4688.27,6360.2
4259,4686.23,6397.55
4238,4819.09,6470.59
4239,4776.46,6491.58
4330,4791.97,5856.11
4219,4869.99,6425.47
4231,4858.36,6436.83
4244,4690.92,6328.44
4224,4975,5846.2
4226,4969.9,5819.36
4230,4981.13,5869.51
4247,4720.92,6489.97
4235,4965.79,5787.84
4254,4704.71,6294.05
4243,4988.98,5886.95
4320,4806.54,5887.21
4719,4784.94,6060.88
4588,5218.91,5927.19
4255,4708.63,6476.86
4256,4847.13,6442.69
4720,4769.89,6134.79
4312,4808.99,5947.63
4240,4685.02,6453.65
4242,4685.84,6429.99
4258,4764.08,6484.65
4249,4696.16,6463.83
4237,4892.67,6388.63
4246,4882.25,6402.96
4264,4807.01,6469.54
4273,4721.79,6251.01
4270,4999.52,5890.99
4245,4972.18,5886.41
4250,4975.89,5911.66
4359,5093.69,5679.18
4251,4969.79,5856.79
4295,5042.21,5796.63
4303,4743.75,6199.85
4325,5073.78,5731
4257,4980.5,5939.64
4268,4872.63,6410.65
4283,5013.19,5872.48
4287,5027.77,5838.44
4252,4912.5,6345.45
4261,4902.63,6364.68
4280,4836.31,6443.17
4282,4795.36,6463.82
4277,4707.16,6434.68
4349,4803.61,5886.51
4290,4712.05,6400.67
4285,4987.46,5965
4297,4714.04,6322.08
4260,4972.4,5949.41
4263,4970.87,5923.64
4278,4894.82,6375.7
4279,4751.8,6473.98
4291,4739.27,6460.54
4381,4798.09,5871.38
4293,4725.09,6445.78
4266,4974.53,5968.5
4265,4929.24,6292.62
4275,4920.26,6317.75
4306,4712.81,6363.85
4307,4724.2,6282.24
4294,4863.75,6412.77
4286,4973.98,6024.88
4305,4784.13,6454.13
4269,4970.89,6003.76
4271,4969.77,5990.34
4284,4911.18,6342.7
4336,4804.55,6001.76
4302,4826.19,6439.07
4272,4940.03,6245.26
4289,4938.13,6247.47
4585,5316.59,5734.19
4300,4888.08,6378.48
4276,4964.99,6071.71
4314,5001.04,5967.82
4274,4950.77,6180.94
4323,4743.46,6246.64
4309,4958.72,6144.61
4301,4924.74,6299.26
4319,4742.63,6402.84
4304,4908.51,6340.39
4315,4772.41,6441
4310,4855.19,6410.36
4356,4812.62,5943.56
4316,4816.25,6430.8
4321,5019,5918.38
4322,4979.38,6067.06
4326,5033.62,5881.04
4341,4796.37,6045.14
4311,4942.33,6234.93
4332,4741.03,6364.93
4324,4759.3,6424.38
4344,5048.84,5841.84
4353,5063.7,5807.04
4313,4881.61,6377.05
4376,4803.42,5890.6
4334,4741.69,6288.04
4340,4740.13,6327.6
4436,5112.94,5649.02
4364,5083.36,5741.42
4317,4905.16,6338.88
4318,4926.47,6292.36
4331,4847.09,6403.42
4348,4766.79,6200.27
4333,4806.21,6418.3
4472,4827.87,5884.02
4327,4961.05,6170.64
4337,4875.92,6371.93
4335,4943.87,6240.96
4391,4816.34,6007.25
4338,4901.59,6335.65
4342,5011.2,5992.29
4347,4994.6,6055.37
4351,4795.67,6402.04
4350,4839.44,6392.38
4339,4923.06,6295.07
4360,4773.74,6357.05
4361,4783.7,6382.27
4387,4814.3,5934.4
4345,5024.87,5947.35
4346,4977.87,6128.3
4366,4766.32,6249.07
4375,5074.61,5789.61
4371,5036.42,5933.1
4352,4962.05,6193.3
4443,4813.18,5889.12
4399,4806.43,5895.09
4357,4870.54,6362.91
4367,4768.2,6326.29
4370,4831.41,6377.17
4373,4766.35,6290.64
4355,4945.14,6246.31
4383,4806.9,6057.25
4362,4898.82,6328.87
4358,4923.8,6290.03
4354,4792.49,6095.74
4365,5020.44,5999.46
4372,5005.93,6052.79
4427,5101.29,5715.87
4382,5053.96,5884.57
4368,4976.53,6159.59
4369,4990.43,6109.64
4377,4790.48,6154.12
4397,4791.21,6207.19
4404,4815.37,5927.97
4379,4865.35,6349.23
4389,4822.43,6357.57
4374,4965.12,6200.07
4394,5067.95,5847.14
4408,4810.61,6112.27
4378,4947.64,6242.71
4412,4823.76,5984.26
4388,4896.59,6317.87
4385,4924.14,6282.26
4413,5089.33,5772.29
4392,4798.51,6317.29
4396,4810.44,6337.59
4615,5414.5,5983.14
4402,5078.91,5813.45
4384,5014.24,6048.73
4393,5026.74,6008.71
4400,4791.71,6252.36
4398,4792.84,6289.54
4386,4983.5,6150.96
4390,5000.61,6097.13
4401,4860.33,6330.46
4407,5043.14,5957.93
4395,4970.54,6191.54
4416,4819.21,5926.34
4423,4815.73,6164.18
4406,4950.79,6231.61
4409,4894.53,6302.11
4505,5138.18,5638.88
4444,4825.25,5920.47
4411,5059.23,5909.73
4426,4824.96,6070.5
4405,5012.97,6071.82
4410,4924.74,6269.2
4403,4993.1,6133.71
4428,4826.85,5967.63
4419,4854.63,6304.03
4442,4834.39,6034.64
4414,4816.29,6285.45
4422,4831.54,6295.92
4420,5029.58,6027.12
4417,5071.47,5869.7
4418,4977.79,6174.49
4424,4818.76,6212.58
4415,4818.05,6254.76
4430,4893.57,6280.55
4438,5079.97,5852.02
4429,5007.56,6101.66
4439,4828.08,5955.33
4431,4954.46,6216.35
4435,5048.65,5972.66
4445,4835.5,6120.68
4433,4926.08,6251.82
4441,5066.08,5916.47
4450,4840,6008.04
4460,5092.71,5823.43
4440,4842.55,6258.61
4452,4847.45,6218.78
4461,4838.23,5958.94
4449,4985.12,6157.3
4448,4867.4,6261.05
4451,4897.15,6252.31
4447,5034.11,6036.37
4477,4835.98,5906.06
4457,4850.28,6167.74
4523,4903.63,5886.91
4462,4848.18,6080.37
4478,5109.32,5756.33
4455,4841.83,5985.24
4465,5014.64,6094.58
4453,4928.9,6230.29
4454,4958.52,6198.75
4493,5123.56,5697.3
4532,4895.22,5898.68
4458,5055.92,5974.59
4606,5446.54,5835.39
4464,5075.02,5908.42
4463,4875.46,6223.72
4466,4855.5,6046.61
4476,4845.08,5932.15
4483,4854.98,5963.01
4473,4865.55,6118.11
4571,5249.04,5675.31
4475,5041.55,6032.18
4467,4903.87,6220.22
4468,4990.95,6142.57
4471,4858.42,6018.53
4470,4933.57,6205.48
4474,4881.3,6184.45
4469,4963.4,6179.53
4480,4859.39,5992.72
4522,4881.16,5911.5
4488,4888.58,6143.57
4479,5064.94,5968.46
4545,4968.64,5898.33
4486,5084.49,5903.98
4495,5100.96,5846.46
4482,4874.17,6079.84
4484,4910,6187.26
4485,5021.94,6082.89
4491,4877.89,6047.3
4490,4939.14,6178.52
4487,4996.12,6126.79
4489,4967.73,6159.36
4494,4876.61,6020.75
4514,4870.78,5926.12
4498,4896.77,6105.32
4497,4915.92,6153.91
4499,5050.56,6020.25
4502,4864.55,5939.62
4507,4875.14,5964.86
4516,5116.66,5798.35
4503,5074.82,5959.3
4508,4885.63,5998.34
4554,5027.13,5903.16
4510,4901.72,6070.13
4500,4944.34,6150.72
4511,5029.26,6066.12
4512,5091.65,5908.4
4504,4997.25,6116.41
4515,4922.2,6120.51
4501,4973.56,6135.23
4513,4900.46,6035.93
4550,5157.43,5709.45
4559,5186.67,5680.93
4536,5134.5,5753.76
4518,5103.5,5879.2
4517,4948.3,6124.12
4520,4928.01,6087.35
4519,5064.01,5999.77
4521,4977.05,6112.53
4526,5012.94,6080.25
4524,4894.76,5959.31
4525,5086.25,5942.08
4570,5218.56,5674.74
4529,4903.76,5985.79
4533,4928.31,6014.74
4528,4931.3,6053.49
4534,5054.04,6021.44
4542,4918.07,5948.17
4527,4953.81,6096.84
4543,5119.2,5848.63
4531,4974.79,6098.17
4540,5098.02,5922.22
4537,5078.45,5974.1
4539,4961.01,6066.34
4538,5004.51,6073.16
4556,4945.78,5933
4569,4978.87,5917.76
4546,4933.41,5981.4
4547,5047.91,6022.91
4541,4986.46,6071.58
4548,4966.56,6034.49
4608,5359.08,5782.95
4555,4973.07,6002.37
4549,5081.38,5970.4
4600,5179.11,5925.67
4567,5142.88,5822.98
4553,5023.05,6039.85
4551,4996.93,6042.63
4558,5111.05,5906.61
4565,4980.11,5967.68
4629,5466.74,5859.46
4580,5046.8,5918.57
4566,5061.48,5998.9
4568,5089.54,5962.01
4563,5006.01,6015.88
4578,5179.45,5774.76
4564,5034.09,6015.55
4601,5286.58,5736.77
4591,5108.14,5919.89
4572,5019.38,5989.17
4579,5018.32,5945.05
4576,5125.45,5904.08
4586,5215.43,5751.08
4610,5292.77,5948.34
4637,5490.08,6007.16
4623,5377.59,5972.83
4573,5040.16,5998.69
4574,5069.24,5985.16
4582,5046.19,5963.86
4577,5099.91,5955.04
4584,5162.61,5854.64
4590,5066.79,5933.08
4593,5251.78,5741.18
4581,5064.96,5975.46
4583,5104.73,5952.65
4622,5402.14,5822.09
4587,5137.59,5913.73
4598,5201.64,5822.62
4592,5086.91,5944.91
4604,5124.67,5929.34
4589,5100.1,5950.46
4596,5143.89,5923.72
4599,5177.51,5881.08
4619,5327.07,5790.48
4607,5242.77,5804.95
4617,5268,5944.62
4603,5143.21,5930.88
4605,5136.06,5932.96
4613,5186.45,5931.18
4614,5286.22,5796.79
4634,5440.04,5847.68
4630,5469.63,6002.67
4609,5187.54,5902.68
4631,5449.64,5996.91
4611,5221.12,5860.27
4625,5254.19,5939.73
4624,5343.89,5964.5
4612,5192.06,5918.58
4616,5191.33,5928.22
4621,5269.08,5850.35
4636,5373.46,5834.32
4618,5235.98,5890.95
4628,5331.88,5961.03
4626,5245.27,5914.82
4627,5250.06,5931.03
4633,5327.08,5850.42
4640,5418.75,5987.11
4638,5319.35,5953.42
4635,5289.45,5889.51
4654,5488.48,5884.44
4649,5425.77,5869.96
4639,5380.27,5975.03
4642,5309.84,5940.39
4641,5301.34,5919.75
4645,5374.58,5968.14
4656,5465.21,5880.19
4648,5479.32,6005.69
4655,5456.45,5996.42
4664,5506.52,5903.97
4647,5344.88,5900.96
4650,5386.06,5882.69
4658,5504.88,6011.85
4651,5366.06,5954.08
4652,5421.1,5982.8
4653,5356.7,5932.69
4660,5523.66,6016.21
4674,5537.32,6017.21
4661,5416.76,5970.08
4676,5517.27,5918.32
4659,5397.56,5921.14
4665,5491.48,6004.76
4662,5433.71,5910.69
4666,5465.31,5905.85
4663,5407.83,5949.61
4669,5465.09,5988.33
4667,5490.45,5906.38
4683,5551.98,6018.4
4671,5519.16,6012.8
4670,5443.36,5941.97
4672,5453.71,5967.14
4673,5471.63,5933.7
4682,5509.42,5929.84
4677,5507.34,6001.44
4675,5490.36,5926.62
4688,5564.93,6020.18
4681,5493.62,5983.31
4679,5481.88,5960.04
4684,5534.58,6011.62
4680,5500.71,5948.8
4687,5521.69,5938.31
4686,5525.18,5997.38
4692,5572.96,6022.83
4685,5512.81,5974.97
4689,5520.04,5958.56
4690,5548.47,6010.53
4691,5537.4,5992.61
4693,5560.91,6013.63
