0,5450.57,4712.2
1,5444.7,4718.34
2,5500.19,4719.39
3,5445.85,4706.62
4,5480.8,4681.83
5,5435.89,4717.11
6,5510.31,4714.38
7,5418.95,4699.36
8,5492.19,4688.14
9,5437.46,4707.88
10,5432.88,4709.96
11,5500.07,4683.95
12,5484,4736.23
13,5438.16,4702.95
14,5497.12,4722.73
15,5507.38,4688.32
16,5446.35,4700
17,5495.04,4721.58
18,5504.63,4684.16
19,5498.27,4714.38
20,5499.65,4722.7
21,5436.48,4707.22
22,5427.53,4701.52
23,5480.96,4703.85
24,5447.04,4728.01
25,5442.29,4706.92
26,5438.13,4706.18
27,5432.68,4722.63
28,5496.04,4722.24
29,5444.13,4697.17
30,5440.49,4711.99
31,5440.23,4700.26
32,5493.82,4730.8
33,5512.92,4701.38
34,4997.31,4794.93
35,5498,4698.11
36,5460.88,4719.2
37,5488.11,4738
38,5440.12,4697.73
39,5444.14,4708.65
40,5441.32,4707.18
41,5495.4,4723.14
42,5513.33,4703.32
43,5501.03,4680.59
44,5499.83,4725.94
45,5443.61,4711.09
46,5494.4,4702
47,5475.58,4730.44
48,5443.49,4718.13
49,5506.15,4701.89
50,5432.25,4703.02
51,5462.27,4702.16
52,5504.88,4704.69
53,5443.77,4720.74
54,5438.82,4721.11
55,5437.76,4701.68
56,5435.4,4704.78
57,5447.01,4721.78
58,5133.22,4959.81
59,5442.44,4699.89
60,5434.06,4711.33
61,5486.46,4694.41
62,5441.8,4705.78
63,5446.51,4695.66
64,5358.07,4772.63
65,5437.45,4697.86
66,5434.43,4701.88
67,5434.04,4705.81
68,5491.59,4704.16
69,5447.52,4707.75
70,5484.77,4722.67
71,5481.73,4718.68
72,5442.73,4706.03
73,5449.48,4717
74,5497.43,4679.67
75,5439.17,4711.56
76,5465.68,4696.1
77,5455.82,4698.42
78,5483.39,4682.36
79,5436.83,4712.63
80,5428.81,4726.35
81,5436.91,4751.53
82,5441.26,4701.91
83,5462.97,4701.12
84,5450.44,4701.92
85,5438.68,4712.84
86,5489.1,4700.58
87,5412.83,4701.67
88,5446.49,4714.74
89,5508.26,4714.11
90,5492.76,4740.09
91,5493.48,4688.33
92,5446.35,4726.07
93,5495.09,4729.03
94,5445.73,4724.51
95,5510.73,4712.21
96,5451.45,4706.34
97,5487.51,4717.02
98,5437.85,4704.9
99,5489.25,4703.35
100,5391.75,4747.05
101,5444.89,4727.09
102,5488.26,4706.39
103,5420.91,4701.76
104,5439.23,4705.7
105,5442.35,4711.94
106,5448.82,4705.42
107,4881.63,4912.68
108,5455.93,4717.9
109,5436.22,4706.12
110,5493.06,4686.01
111,5497.16,4725.94
112,5502.33,4711.73
113,5437.23,4705.29
114,5494.35,4678.82
115,5498.38,4719.74
116,5496.16,4719.11
117,5451.81,4697.8
118,5440.37,4701.98
119,5423.46,4717.46
120,5386.42,4689.5
121,5447.41,4705.64
122,5434.18,4706.71
123,5438.6,4700.76
124,5473.51,4701.02
125,5382.89,4698.15
126,5452.18,4716.71
127,5457.46,4717.99
128,5433.28,4708.7
129,5432.93,4694.19
130,5445.77,4717.08
131,5491.73,4700.12
132,5441.28,4712.37
133,5446.02,4708.38
134,5436.77,4702.19
135,5462.01,4719.74
136,5215.6,4665.62
137,5494.29,4724.89
138,5500.21,4708.21
139,5460.88,4717.39
140,5494.02,4721.34
141,5441.32,4706.51
142,5436.94,4706.11
143,5492.89,4701.11
144,5494.75,4719.56
145,5497.05,4739.26
146,5412.52,4705.06
147,5511.57,4713.85
148,5435.32,4707.01
149,5499.55,4720.62
150,5375.84,4754.41
151,5495.68,4724.94
152,5470.59,4685.05
153,5468.11,4707.82
154,5512.5,4719.35
155,5482.97,4697.75
156,5418.33,4707.07
157,5480.63,4696.41
158,5436.45,4709.12
159,5453.14,4714.2
160,5473.96,4712.68
161,5434.36,4703.92
162,5501.36,4721.88
163,5362.61,4740.66
164,5458.13,4721.02
165,5445.22,4703.24
166,5200.19,4757.63
167,5492.37,4729.81
168,5431.91,4698.34
169,5429.71,4704.89
170,5440.06,4706.21
171,5119.19,4926.83
172,5440.46,4703.33
173,5075.2,4783.71
174,5500.6,4711.05
175,5487.04,4703.88
176,5436.65,4711.52
177,5491.2,4701.66
178,5445.63,4711.29
179,5494.88,4739.72
180,5444.48,4725.86
181,5481.64,4682.5
182,5487.83,4714.46
183,5470.79,4710.23
184,5454.77,4718.3
185,5435.12,4708.27
186,5439.66,4706.79
187,5445.09,4728.25
188,5437.58,4708.45
189,5357.56,4771.62
190,5470.05,4705.16
191,5460.31,4726.72
192,5504.79,4707.55
193,5490.53,4689.77
194,5446.52,4726.87
195,5484.54,4680.65
196,5445.59,4723.22
197,5456.34,4716.94
198,4955.92,4774.89
199,5439.82,4704.5
200,5438.16,4706.91
201,5495.53,4689.08
202,5296.28,4744.15
203,5438.23,4704.27
204,5443.05,4723.41
205,5508.01,4705.83
206,5461.94,4708.41
207,5453.75,4693.29
208,5433.97,4714.54
209,5511.58,4696.29
210,5484.35,4740.15
211,5439.4,4701.49
212,5443.15,4703.58
213,5429.65,4709.07
214,5496,4720.43
215,5507.9,4694.9
216,5488.25,4732
217,5364.97,4765.21
218,5482.64,4679.91
219,5510.94,4716.15
220,5504.55,4723.1
221,5447.27,4709.95
222,5448.3,4699.53
223,5436.81,4703.09
224,5439.6,4707.72
225,5490.13,4701.75
226,5498.1,4720.59
227,5490.35,4704.25
228,5467.15,4700.64
229,5451.78,4708.29
230,5485.64,4717.62
231,5444.02,4704.47
232,5441.96,4704.96
233,5504.27,4693.02
234,5464.75,4691.26
235,5431,4715.49
236,5441.03,4707.96
237,5461.97,4700.38
238,5441.37,4700.98
239,5439.29,4704.9
240,5473.42,4697.94
241,5505.09,4699.26
242,5444.11,4723.08
243,5492.04,4727.6
244,5501.72,4688.91
245,5490.06,4692.28
246,5414.46,4701.16
247,5429.33,4685.97
248,5437.72,4709.34
249,5440.18,4724.84
250,5449.66,4696.06
251,5458.14,4716.58
252,5437.03,4704.44
253,5485.82,4715.1
254,5448.24,4727.11
255,5508.2,4700.13
256,5502.59,4693.85
257,5442.71,4710.01
258,5437.87,4711.65
259,5493.08,4689.44
260,5454.64,4710.41
261,5439.37,4702.31
262,5503.9,4724.73
263,5490.59,4706.35
264,5494.59,4686.54
265,5441.96,4702.8
266,5445.98,4727.8
267,5483.34,4701.36
268,5444.87,4698.66
269,5381.37,4769.44
270,5460.06,4697.03
271,5438.6,4705.72
272,5441.38,4710.41
273,5483.8,4679.72
274,5444.54,4709.87
275,5481.12,4680.81
276,5444.04,4705.62
277,5437.42,4706.64
278,5491.96,4702.29
279,5499.77,4732.8
280,5440.29,4708.17
281,5456.54,4715.62
282,5503.31,4687.98
283,5458.75,4701.7
284,5455.28,4716.54
285,5431.25,4706.37
286,5458.9,4746.57
287,5509.51,4691.6
288,5454.55,4701.86
289,5494.66,4716.45
290,5440.81,4709.38
291,5434.95,4705.91
292,5488.42,4741.74
293,5498.68,4710.55
294,5461.67,4694.16
295,5439.94,4713.01
296,5489.42,4705.75
297,5435.89,4708.09
298,5446.36,4701.87
299,5447.57,4725.64
300,5451.79,4726.83
301,5464.28,4726.3
302,5446.68,4724.93
303,5440.02,4710.18
304,5432.42,4704.69
305,5503.63,4729.55
306,5484.43,4681.83
307,5475.03,4716.16
308,5423.84,4702.48
309,5462.29,4718.54
310,5494.42,4726.76
311,5451.09,4704.14
312,5498.26,4722.93
313,5437.61,4703.7
314,5443.5,4700.14
315,5432.09,4708.05
316,5463.15,4730.01
317,5439.81,4718.71
318,5438.03,4699.48
319,5508.3,4712.95
320,5453.43,4720.03
321,5492.9,4697.79
322,5434.7,4707.34
323,5435.71,4709.67
324,5422.44,4710.98
325,5439.67,4703.65
326,5497.26,4721.6
327,5509.74,4710.69
328,5483.11,4681.1
329,5431.63,4716.92
330,5445.44,4726.17
331,5440.81,4705.2
332,5438.12,4707.84
333,5501.73,4720.19
334,5435.87,4703.69
335,5491.94,4676.53
336,5463.31,4711.67
337,5493.71,4728.48
338,5442.5,4694.52
339,5424.48,4700.6
340,5423.43,4704.19
341,5443.94,4707.41
342,5439,4703.17
343,5498.85,4721.41
344,5447.76,4703.5
345,5439.12,4710.27
346,5447.8,4724.03
347,5430.02,4695.09
348,4822.16,4831.23
414,4790.45,4822.58
428,4831.79,4847.42
1684,5038.68,5201.68
1912,5175.99,4639.94
2814,5101.26,5079.02
2838,5105.84,5029.11
2885,5098.49,5025.71
3003,5107.24,5029.31
3173,5042.24,5177.05
3290,5076.39,5015.95
353,4834.79,4861.99
363,4832.33,4858.63
366,4835.24,4860.31
376,4822.94,4848.75
389,4833.74,4873.4
420,4824.95,4856.37
475,4826.53,4851.27
483,4835.51,4872.97
484,4842.5,4865.99
517,4830.67,4855.71
526,4865.38,4883.08
538,4833.92,4859.3
563,4827.47,4840.5
566,4828.95,4856.24
580,4837.17,4864.54
596,4819.29,4869.51
601,4823.7,4855.57
606,4843.95,4875.35
629,4828,4868.4
637,4837.86,4874.59
641,4840.22,4872.84
649,4900.72,4856.39
651,4836.01,4866.57
896,4834.3,4901.05
897,4910.26,4914.29
898,4839.59,4900.88
899,4901.94,4946.36
900,4850.08,4960.38
901,4851.83,4951.18
902,4830.12,4905.14
903,4850.9,4948.79
904,5000.58,4917.83
905,4854.96,4881.32
906,4899.53,4909.52
907,4885.38,4895.26
908,4870.57,4965.52
909,4891.44,4948.16
910,4827.23,4882.75
911,4898.78,4847.19
912,4842.57,4882.99
913,4874.39,4900.11
914,4862.07,4888.34
915,4851.2,4878.83
916,4906.97,4905.45
917,4846.9,4904.75
918,4904.63,4851.56
919,4840.06,4903.34
920,4912.36,4930.16
921,4907.09,4908.47
922,4916.16,4914.96
923,4910.89,4988.98
924,4853.8,4906.4
925,4905.58,4908.43
926,4914.36,4911.43
927,4904.55,4914.83
928,4842.87,4985.81
929,4913.87,4999.59
930,4847.96,4871.72
931,4863.34,4878.47
932,4909.63,4909.1
933,4839.76,4894.45
934,4900.39,4907.58
935,4866.55,4901.84
936,4842.74,4868.7
937,4849.04,4924.35
938,4851.83,4948.29
939,4868.37,4884.24
940,4850.23,4907.91
941,4837.53,4901.48
942,4838.66,4898.48
943,4857.5,4916.22
944,4857.04,4907.17
945,4826.23,4917.98
946,4906.02,4910.27
947,4902.38,4909.97
948,4851.41,4874.86
949,4851.67,4903.13
950,4863.8,4973.56
951,4905.79,4942.72
952,4901.64,4907.65
953,4904.99,4909.7
954,4840.07,4899.39
955,4893.88,4952.08
956,4872.74,4955.83
957,4831.51,4902.66
958,4853.23,4952.68
959,4909.27,4902.82
960,4907.66,4907.05
961,4909.59,4956.24
962,4854.52,4877.5
963,4851.75,4947.28
964,4852.32,4912.56
965,4859.56,4910.06
966,4904.77,4905.21
967,4906.03,4913.81
968,4872.41,4895.82
969,4840.72,4901.76
970,4855.63,4978.74
971,4841.58,4897.66
972,4911.13,4899.87
973,4922.09,4956.61
974,4853.86,4920.13
975,4832.52,4904.96
976,4842.1,4866.72
977,4858.38,4910.61
978,4903.98,4912.37
979,4876.66,4955.17
980,4903.51,4910.8
981,4831.28,4906.06
982,4903.36,4905.76
983,4906.53,4902.69
984,4839.37,4897.54
985,4854.33,4926.82
986,4860.19,4915.13
987,4880.44,4962.37
988,4831.82,4905.62
989,4828.96,4900.79
990,4982.95,5094.1
991,4911.13,4953.15
992,4852.73,4947.72
993,4903.1,4909.23
994,4851,4899.98
995,4908.33,4916.8
996,4921.8,4985.59
997,4908.27,4909.21
998,4899.91,4926.3
999,4902.5,4905.31
1000,4852.46,4922.22
1001,4856.72,4878.26
1002,4911.06,4858.21
1003,4902.84,4912.4
1004,4901.93,4908.21
1005,4848.76,4915.65
1006,4906.52,4906.26
1007,4846.91,4902.48
1008,4899.61,4958.51
1009,4832.38,4901.06
1010,4853,4906.07
1011,4855.14,4907.96
1012,4856.36,4879.84
1013,4876.21,4858.66
1014,4836.82,4900.91
1015,4829.57,4906.26
1016,4875.11,4956.66
1017,4904.18,4908.57
1018,4836.17,4896.81
1019,4830.73,4902.77
1020,4840.67,4899.47
1021,4835.26,4903.69
1022,4866.71,4877.22
1023,4882.89,4951.93
1024,4908.18,4907.33
1025,4852.62,4880.49
1026,4906.02,4911.59
1027,4914.37,4860.9
1028,4909.07,4904.14
1029,4908.53,4911.62
1030,4889.72,4945.75
1031,4904.99,4995.5
1032,4840.17,4897.44
1033,4867.55,4972.69
1034,4905.17,4954.54
1035,4856.66,4897.75
1036,4830.85,4904.04
1037,4853.49,4902.35
1038,4897.44,4947.05
1039,4911.44,4903.45
1040,4907.67,4903.67
1041,4853.73,4907.56
1042,4860.58,4906.57
1043,4892.04,4951.59
1044,4829.39,4907.27
1045,4890.57,4957.01
1046,4822.23,4948.55
1047,4904.1,4913.15
1048,4904.96,4913.45
1049,4901.05,4913.64
1050,4909.37,4958.68
1051,4857.79,4903.52
1052,4858.75,4902.81
1053,4878.34,4932.46
1054,4896.01,4908.62
1055,4920,4955.17
1056,4907.28,4912.31
1057,4861.69,4938.27
1058,4936.78,4957.14
1059,4902.79,4909.21
1060,4835.6,4901.82
1061,4845.67,4982.84
1062,4864.5,4904.61
1063,4910.14,4899.65
1064,4866.77,4883.76
1065,4831.83,4940.02
1066,4839.04,4898.81
1067,4832.2,4901.89
1068,4899.55,4903.02
1069,4909.56,4898.6
1070,4854.03,4901.57
1071,4905.94,4865.58
1072,4853.48,4912.19
1073,4878.98,4960.76
1074,4913.84,4901.41
1075,4897.97,4907.44
1076,4902.44,4909.27
1077,4948.32,4910.67
1078,4903.92,4906.94
1079,4901.69,4908.54
1080,4850.12,4877.28
1081,4839.28,4902.44
1082,4830.08,4903.85
1083,4907.55,4906.49
1084,4916.34,4912.81
1085,4644.97,5156.21
1086,4894.66,4905.1
1087,4913.48,4983.43
1088,4859.85,4987.9
1089,4848.14,4917.9
1090,4855.49,4919.25
1091,4901.02,4898.07
1092,4909.76,4910.98
1093,4863.84,4911.32
1094,4862.51,4879.86
1095,4855.31,4876.58
1096,4820.73,4958.48
1097,4852.83,4951.05
1098,4869.05,5002.17
1099,4839.32,4898.22
1100,4831.2,4904.58
1101,4905.95,4905.87
1102,4838.66,4897.9
1103,4834.62,4889.01
1104,4834.5,4901.69
1105,4912.65,4858.09
1106,4851.22,4906.54
1107,4906.33,4907.25
1108,4838.42,4897.35
1109,4852.61,4902.72
1110,4896.19,4906.78
1111,4895.07,4950.94
1112,4898.18,4910.63
1113,4847.6,4873.87
1114,4850.05,4875.54
1115,4829.11,4905.51
1116,4900.36,4904.02
1117,4906.23,4908.58
1118,4852.14,4950.57
1119,4908.38,4850.81
1120,4833.93,4905.09
1121,4849.92,4905.55
1122,4845.01,4870.47
1123,4910.94,4910.67
1124,4907.64,4911.17
1125,4905.19,4905.71
1126,4906.5,4907.88
1127,4853.86,4917.84
1128,4895.37,4906.16
1129,4829.39,4903.11
1130,4909.73,4908.32
1131,4857.54,4910.23
1132,4905.7,4906.97
1133,4906.16,4932.51
1134,4850.61,4922.19
1135,4899.08,4906.92
1136,4843.36,4984.35
1137,4851.15,4952.35
1138,4878.69,4951.86
1139,4853.44,4911.37
1140,4930.85,5012.84
1141,4856.14,4914.16
1142,4847.32,4874.47
1143,4856.59,4896.54
1144,4848.08,4986.07
1145,4817.62,4957.21
1146,4903.6,4912.24
1147,4846.66,4912.89
1148,4831.59,4900.03
1149,4906.12,4910.12
1150,4921.93,4940.56
1151,4925.87,4927.64
1152,4859.59,4901.83
1153,4906.25,4906.57
1154,4862.46,4885.28
1155,4853.5,4874.52
1156,4905.07,4906.27
1157,4928.98,4926.98
1158,4833.43,4901.07
1159,4855.76,4903.77
1160,4904.06,4906.12
1161,4914.01,4936.27
1162,4879.31,4883.73
1163,4906.23,4905.14
1164,4898.93,4914.13
1165,4897.48,4968.17
1166,4843.4,4900.55
1167,4855.55,4906.9
1168,4855.99,4924.09
1169,4858.31,4905.75
1170,4845.64,4902.23
1171,4966.62,4966.46
1172,4904.71,4906.54
1173,4909.04,4912.02
1174,4845.6,4986.93
1175,4906.55,4911.55
1176,4817.3,4928.04
1177,4877.34,4952.19
1178,4877.56,4992.45
1179,4843.48,4868.92
1180,4903.17,4903.66
1181,4901.58,4906.88
1182,4911.97,4912.64
1183,4860.66,4902.17
1184,4902.11,4907.35
1185,4904.03,4909.16
1186,4850.97,4953.97
1187,4845.32,4988.09
1188,4857.06,4908.83
1189,4852.24,4906.72
1190,4829.78,4900.55
1191,4906.18,4909.81
1192,4833.84,4900.61
1193,4906.31,4997.57
1194,4828.06,4939.25
1195,4907.99,4915.01
1196,4920.51,4901.95
1197,4916.59,4932.81
1198,4901.11,4907.52
1199,4905.08,4907.13
1200,4878.94,4868.36
1201,4909.2,4909.96
1202,4900.22,4878.59
1203,4857.62,4975.96
1204,4834.84,4900.98
1205,4907.68,4909.38
1206,4903.18,4848.35
1207,4904.24,4903.43
1208,4911.78,4855.43
1209,4898.85,4909.02
1210,4850.03,4874.54
1211,4905.62,4907.99
1212,4866.93,4881.86
1213,4848.8,4912.77
1214,4907.77,4910.09
1215,4837.27,4895.57
1216,4852.49,4948.81
1217,4865.05,4895.51
1218,4874.19,4958.5
1219,4907.87,4911.93
1220,4897.82,4925.42
1221,4839.75,4904.37
1222,4903.25,4909.73
1223,4854.4,4884.94
1224,4966,4914.78
1225,4858.69,4907.88
1226,4851.47,4898.33
1227,4833.51,4902.76
1228,4856.14,4910.97
1229,4829.67,4901.77
1230,4904.79,4909.29
1231,4832.6,4902.16
1232,4852.17,4953.53
1233,4849.3,4854.52
1234,4866.46,4880.95
1235,4834.45,4902.14
1236,4855.5,4910.36
1237,4852.38,4875.78
1238,4903.85,4905.79
1239,4901.37,4922.54
1240,4887.07,4979.83
1241,4846.76,4901.18
1242,4899.79,4908.68
1243,4902.35,4910.67
1244,4852.32,4915.29
1245,4843.66,4898.77
1246,4850.18,4904.03
1247,4858.09,4895.51
1248,4859.75,4917.34
1249,4861.24,4909.74
1250,4901.23,4908.12
1251,4849.12,4988.19
1252,4886.03,4959.89
1253,4904.49,4864.83
1254,4890.26,4959.16
1255,4906.31,4912.45
1256,4907.47,4906.78
1257,4830.22,4903.25
1258,4861.43,4904.14
1259,4851.28,4907.82
1260,4856.13,4908.75
1261,4838.24,4900.74
1262,4923.97,4883.31
1263,4862.46,4892
1264,4849.5,4928.5
1265,4904.85,4916.82
1266,4916.98,4958.87
1267,4903.45,4908.39
1268,4868.4,4879.56
1269,4904.07,4910.23
1270,4896.66,4865.82
1271,4907.11,4905
1272,4908.1,4914.27
1273,4842.25,4898.16
1274,4861.4,4981
1275,4853.73,4905.27
1276,4892.81,4940.96
1277,4834,4901.44
1278,4894.59,4908.3
1279,4830.28,4905.85
1280,4909.17,4910.75
1281,4839.28,4895.95
1282,4838.85,4899.37
1283,4908.68,4942.08
1284,4832.14,4900.18
1285,4907.21,4902.24
1286,4831.41,4898.62
1287,4903.2,4904.9
1288,4906.62,4904.28
1289,4909.28,4903.53
1290,4901.38,4911.2
1291,4903.18,4907.67
1292,4830.49,4904.55
1293,4901.83,4912.45
1294,4854.51,4875.68
1295,4866.43,4909.91
1296,4853.22,4898.31
1297,4968.83,4933.04
1298,4833.21,4904.95
1299,4857.46,4907.94
1300,4843.14,4867.82
1301,4892.07,4958.56
1302,4904.22,4906.51
1303,4839.42,4899.74
1304,4856.47,4912.55
1305,4908.69,4912.39
1306,4856.24,4907.5
1307,4848.46,4985.17
1308,4857.15,4914.5
1309,4835.99,4897.55
1310,4858.22,4908.34
1311,4849.6,4901.62
1312,4911.2,4911.35
1313,4841.36,4867.41
1314,4852,4945.08
1315,4829.31,4904.86
1316,4839.61,4901.75
1317,4895.59,4993.27
1318,4848.96,4873.68
1319,4850.41,4950.71
1320,4845,4871.1
1321,4916.5,4924.81
1322,4831.86,4903.18
1323,4906.79,4911.95
1324,4838.83,4894.82
1325,4859.71,4977.31
1326,4902.05,4863.86
1327,4913.65,4920.7
1328,4840.12,4994.97
1329,4905.22,4912.01
1330,4905.82,4908.33
1331,4905.21,4907.29
1332,4847.54,4875.67
1333,4851.24,4951.11
1334,4896.33,4904.37
1335,4904.15,4907.93
1336,4906.81,4903.38
1337,4905.7,4938.13
1338,4854.53,4903.65
1339,4900.42,4909.53
1340,4898.8,4909.73
1341,4904.87,4906.8
1342,4875.43,4885.78
1343,4866.02,4892.76
1344,4899.25,4908.22
1345,4831.69,4902.25
1346,4893.42,4934
1347,4834.41,4903.25
1348,4852.29,4908.11
1349,4846.17,4870.79
1350,4838.09,4905.26
1351,4908.09,4905.83
1352,4905.95,4908.29
1353,4869.51,4943.64
1354,4843.23,4921.05
1355,4857.85,4906.85
1356,4867.87,4880.95
1357,4856.4,4885.57
1358,4846.71,4871.34
1359,4908.67,4908.3
1360,4856.88,4985.1
1361,4912.65,4904.64
1362,4840.4,4930.46
1363,4853.96,4951
1364,4869.81,4903.79
1365,4900.63,4912.56
1366,4856.97,4904.57
1367,4902.53,4908.62
1368,4894.54,4952.82
1369,4915.63,4930.28
1370,4906.07,4904.7
1371,4856.5,4943.43
1372,4871.53,4877.21
1373,4841.62,4900.75
1374,4842.45,4868.01
1375,4899.28,4908.67
1376,4906.48,4909.7
1377,4903.13,4909.21
1378,4850.91,4950.17
1379,4831.14,4905.23
1380,4905.41,4904.44
1381,4828.32,4904.82
1382,4839.31,4896.86
1383,4931.08,4929
1384,4908.1,4962.2
1385,4859.21,4885.91
1386,4812.56,4951.74
1387,4954.92,4956.61
1388,4908.41,4907.81
1389,4904.91,4914.15
1390,4903.08,4907.96
1391,4905.53,4908.65
1392,4830.42,4899.45
1393,4896.91,4905.46
1394,4880.25,4976.08
1395,4939.6,4918.08
1396,4839.75,4898.57
1397,4855.21,4874.51
1398,4911.88,4909.6
1399,4904.02,4907.87
1400,4844.21,4868.47
1401,4892.45,4913.37
1402,4908.08,4905.34
1403,4876.05,4957.27
1404,4834.52,4904.84
1405,4954.82,5019.93
1406,4837.06,4897.06
1407,4897.04,4904.72
1408,4853.46,4879.24
1409,4906.53,4909.14
1410,4838.55,4994.04
1411,4915.85,4933.69
1412,4849.78,4898.94
1413,4830.76,4901.49
1414,4824.09,4911.02
1415,4849.41,4909.72
1416,4900.6,4908.54
1417,4844.72,4919.33
1418,4859.57,4904.25
1419,4948.32,5009.55
1420,4901.13,4911.61
1421,4845.08,4990.55
1422,4865.52,4885.33
1423,4833.95,4903.19
1424,4860,4947.94
1425,4852.74,4877.17
1426,4833.02,4902.63
1427,4849.35,4880.08
1428,4853.12,4904.87
1429,4846.02,4893.43
1430,4812.42,4900.25
1431,4905.61,4911.14
1432,4831.38,4903.62
1433,4853.37,4982.23
1434,4920.47,4949.39
1435,4878.51,4902.65
1436,4863.76,4900.4
1437,4910.46,4913.25
1438,4828.37,4905.91
1439,4903.65,4900.79
1440,4925.77,4913.67
1441,4918.62,4952.82
1442,4903.85,4935.22
1443,4870.94,4881.25
1444,4864.94,4902.07
1445,4888.63,4973.1
1446,4845.41,4872.95
1447,4907.56,4908.69
1448,4833.3,4900.42
1449,4909.19,4907.85
1450,4969.43,5061.37
1451,4845.07,4900.43
1452,4852.45,4952.83
1453,4868.58,4888.07
1454,4837.45,4898.06
1455,4837.55,4879.05
1456,4905.48,4905.8
1457,4905.21,4903.38
1458,4919.85,4904.05
1459,4833.18,4901.84
1460,4910.21,4918.38
1461,4913.78,4976.08
1462,4831.02,4903.29
1463,4892.82,4897.3
1464,4851.3,4877.96
1465,5138.6,4680.49
1466,4815.32,4954.55
1467,4905.75,4912.45
1468,4852,4951.9
1469,4852.26,4911.25
1470,4908.05,4912.94
1471,4905.2,4908.95
1472,4854.56,4906.1
1473,4854.34,4892.45
1474,4845.25,4935.21
1475,4833.48,4899.28
1476,4929.17,4970.05
1477,4924.63,4972.77
1478,4865.87,4879.2
1479,4832.78,4901.56
1480,4908.72,4913.68
1481,4847.95,4906.69
1482,4854.25,4908.03
1483,4909.89,4905.15
1484,4905.23,4917.86
1485,4915.42,4908
1486,4985.58,4940.81
1487,4861.75,4883.86
1488,4906.52,4906.75
1489,4841.03,4895.28
1490,4846.96,4864.96
1491,4902.7,4908.81
1492,4857.74,4899.75
1493,4850.31,4951.57
1494,4840.52,4991.18
1495,4837.26,4899.32
1496,4852.89,4903.52
1497,4882.09,4894.12
1498,4895.37,4930.48
1499,4880.87,4958.09
1500,4856.29,4905.65
1501,4915.8,4917.46
1502,4839.23,4900.34
1503,4843.57,4897.48
1504,4853.44,4907.01
1505,4959.86,5057.6
1506,4849.5,4863.84
1507,4850.35,4908.93
1508,4841.74,4896.68
1509,4908.25,4909.7
1510,4856.94,4888.09
1511,4852.06,4988.37
1512,4841.46,4868.41
1513,4915.09,4913.07
1514,4842.6,4870.06
1515,4836.91,4897.92
1516,4903.75,4908.31
1517,4910.95,4906.79
1518,4870.67,4960.48
1519,4908.04,4920.66
1520,4904.57,4911.73
1521,4928.9,4922.31
1522,4906.52,4907.76
1523,4910.41,4909.4
1524,4899.1,4911.77
1525,4856.99,4902
1526,4852.53,4878.74
1527,4921.6,4941.93
1528,4903.26,4915.23
1529,4855.94,4898.35
1530,4903.6,4907.14
1531,4864.25,4891.71
1532,4899.53,4904.62
1533,4855.5,4951.71
1534,4971.2,5059.32
1535,4906.69,4913.26
1536,4853.49,4897.15
1537,4877.36,4949.48
1538,4903.54,4910.31
1539,4900.76,4910.43
1540,4896.85,4906.62
1541,4851.79,4909.21
1542,4904.99,4902.7
1543,4848.9,4871.92
1544,4917.88,4948.18
1545,4848.53,4876.73
1546,4874.83,4962.35
1547,4904.58,4905.78
1548,4853.36,4948.29
1549,4860.75,4885.2
1550,4828.38,4903.75
1551,4905.5,4909.6
1552,4927.93,4982.19
1553,4877.33,4947.07
1554,4904.68,4910.07
1555,4855.74,4989.08
1556,4900.27,4901.17
1557,4901.63,4909.14
1558,4905.84,4958.05
1559,4905.04,4909.38
1560,4823.43,4960.81
1561,4911.76,4951.4
1562,4884.48,4941.04
1563,4906.67,4910.98
1564,4917.22,4956.81
1565,4848.69,4874.17
1566,4871.53,4886.12
1567,4850.97,4985.39
1568,4851.63,4950.25
1569,4856.75,4902.5
1570,4905.34,4911.72
1571,4908.16,4911.23
1572,4897.25,4910
1573,4833.5,4901.99
1574,4847.53,4872.32
1575,4865.02,4896.95
1576,4829.78,4902.66
1577,5148.67,4673.87
1578,4830.34,4900.26
1579,4865.73,4978.81
1580,4908.11,4908.55
1581,4895.08,4848.32
1582,4838.63,4896.77
1583,4832.72,4903.19
1584,4899.63,4907.35
1585,4917.32,4952.67
1586,4820.84,4947.49
1587,4830.87,4902.2
1588,4844.19,4989.12
1589,4904.49,4909.48
1590,4911.62,4912.97
1591,4836.5,4902.88
1592,4826.62,4905.03
1593,4855.03,4987.36
1594,4919.75,4925.13
1595,4840.56,4897.85
1596,4832.97,4903.75
1597,4901.62,4909.91
1598,4904.06,4905.34
1599,4874.85,4882.07
1600,4901,4908.75
1601,4852.91,4950.3
1602,4846.19,4876.23
1603,4903.49,4909.17
1604,4902.81,4905.97
1605,4908.36,4906.79
1606,4843.98,4871.34
1607,4867,4941.51
1608,4905.15,4911.22
1609,4904.48,4911.29
1610,4905.51,4907.89
1611,4834.08,4903.98
1612,4905.02,4910.57
1613,4904.64,4909.78
1614,4907.28,4913.62
1615,4856.64,4977.69
1616,4845.51,4869.84
1617,4908.07,4906.21
1618,4927.47,4895.04
1619,4905.72,4905.27
1620,4897.46,4907.59
1621,4904.94,4906.91
1622,4904.44,4910.49
1623,4901.94,4908.78
1624,4853.17,4909.73
1625,4850.61,4873.48
1626,4922.11,4917.03
1627,4916.02,4860.97
1628,4831.57,4901.82
1629,4850.94,4947.46
1630,4857.68,4901.75
1631,4846.21,4863.93
1632,4900.98,4906.79
1633,4856.35,4904.63
1634,4857.73,4909.5
1635,4833.99,4906.7
1636,4832.45,4902.77
1637,4905.99,4912.89
1638,4835.05,4896.97
1639,4908.51,4914.95
1640,4851.66,4925.41
1641,4891.31,4962.46
1642,4974.83,5064.42
1643,4903.67,4911.29
1644,4899.39,4910.85
1645,4844.46,4870.65
1646,4877.29,4901.41
1647,4828.91,4901.72
1648,4850.38,4952.32
1649,4840.34,4896.36
1650,4854.8,4898.73
1651,4925.94,4911.45
1652,4901.15,4906.4
1653,4900.2,4910.08
1654,4839.81,4878.53
1655,4829.52,4903.56
1656,4943.84,5031.93
1657,4828.62,4882.71
1658,4870.63,4896.21
1659,4900.66,4911.06
1660,4851.24,4880.34
1661,4837.2,4898.81
1662,4906.38,4908.87
1663,4906.62,4908.01
1664,4857.36,4930.52
1665,4905.79,4906.36
1666,4971.65,5051.87
1667,4852.25,4913.38
1668,4905.24,4905.4
1669,4905.03,4910.92
1670,4916.97,4948.85
1671,4857.16,4877.06
1672,4849.42,4912.11
1673,4843.66,4869.8
1674,4921.99,4954.85
1675,4901.94,4910.67
1676,4846.8,4982.83
1677,4847.12,4870.12
1678,4908.04,4963.63
1679,4843.57,4872.18
1680,4834.77,4902.44
1681,4850.61,4906.95
1682,4828.6,4902.54
1683,4901.09,4910.05
1685,4905.76,4909.75
1686,4855.17,4904.28
1687,4855.58,4983.2
1688,4895.63,4907.56
1689,4902.63,4910.34
1690,4875.49,4869.81
1691,4831.78,4904.55
1692,4845.85,4873.82
1693,4869.16,4965.39
1694,4852.94,4872.83
1695,4849.73,4873.19
1696,4871.85,4884.74
1697,4931.57,4907.92
1698,4858.37,4972.88
1699,4859,4899.99
1700,4897.32,4900.83
1701,4921.1,5000.8
1702,4925.09,4915.88
1703,4856.64,4908.12
1704,4841.49,4901.37
1705,4840.83,4993.79
1706,4838.56,4896.15
1707,4905.42,4907.52
1708,4860.84,4978.65
1709,4854.91,4906.5
1710,4891.79,4905.61
1711,4891.66,4883.56
1712,4906.43,4905.8
1713,4863.37,4928.16
1714,4904.56,4908.72
1715,4833.48,4904.04
1716,4831.15,4901.14
1717,4903.4,4909.97
1718,5090.76,4731.68
1719,4842.6,4992.68
1720,4832,4898.61
1721,4902.07,4910.17
1722,4910.96,4908.65
1723,4909.44,4907.31
1724,4896.44,4907.97
1725,4850.71,4909.86
1726,4959.25,5058.79
1727,4856.29,4900.45
1728,4827.5,4903.3
1729,4840.34,4898.49
1730,4903.36,4909.23
1731,4882.24,4884.56
1732,4838.49,4899.81
1733,4851.82,4949.15
1734,4901.85,4905.43
1735,4904.65,4909.71
1736,4905.86,4906.86
1737,4900.28,4908.92
1738,4860.07,4899.39
1739,4847.98,4916.46
1740,4845.55,4868.81
1741,4907.48,4907.92
1742,4837.8,4899.32
1743,4859.86,4877.99
1744,4846.47,4873.03
1745,4853.12,4895.22
1746,4902.41,4907.79
1747,4854.52,4947.36
1748,4860.26,4913.44
1749,4850.44,4917.87
1750,4901.36,4909.33
1751,4837.88,4897.4
1752,4901.98,4909.72
1753,4904.25,4911.69
1754,4900.86,4905.65
1755,4818.09,4930.37
1756,4859.06,4911.74
1757,4904.01,4907.54
1758,4932.88,5024.42
1759,4852.63,4929.23
1760,4861.25,4942.92
1761,4899.25,4906.24
1762,4841.79,4880.78
1763,4848.39,4872.55
1764,4827.33,4902.3
1765,4907.85,4916.34
1766,4848.93,4874.72
1767,4843.83,4873.29
1768,4905.99,4910.21
1769,4919.42,4901.22
1770,4853.04,4901.78
1771,4894.02,4910.5
1772,4908.66,4910.59
1773,4851.59,4873.82
1774,4910.34,4916.45
1775,4915.97,4899.51
1776,4829.36,4881.56
1777,4848.06,4847.62
1778,4847.31,4876.6
1779,4917.03,4941.69
1780,4929.05,4915.15
1781,4854.34,4902.48
1782,4912.12,4907.63
1783,4843.69,4902.11
1784,4852.75,4954.87
1785,4853.01,4908.22
1786,4837.23,4900.07
1787,4855.55,4949.65
1788,4896.69,4952.64
1789,4902.02,4906.52
1790,4838.89,4882.81
1791,4904.06,4910.67
1792,4932.96,4985.32
1793,4906.09,4907.61
1794,4852.44,4895.82
1795,4901.43,4910.43
1796,4902.13,4911.31
1797,4918.45,4888.26
1798,4853.13,4951.6
1799,4904.49,4909.25
1800,4903.73,4908.06
1801,4850.31,4872
1802,4853.72,4954.15
1803,4847.6,4991.26
1804,4904.56,4907.96
1805,4917.28,4916.83
1806,4863.33,4979.75
1807,4862.97,4899.76
1808,4847.98,4885.46
1809,4906.64,4905.03
1810,4902.5,4906.48
1811,4905.6,4914.12
1812,4836.35,4899
1813,4903.3,4909.83
1814,4879.87,4885.83
1815,4855.14,4911.61
1816,4903.78,4906.64
1817,4933.44,4907.05
1818,4872.29,4898.73
1819,4902.26,4912.1
1820,4838.35,4898.91
1821,4906,4901.03
1822,4921.21,4961.86
1823,4902.89,4906.96
1824,4837.83,4899.87
1825,4848.42,4991.38
1826,4906.28,4906.26
1827,4902.54,4908.93
1828,4841.98,4899.45
1829,4868.73,4882.47
1830,4848.68,4896.39
1831,4863.73,4889.78
1832,4907.74,4902.54
1833,4903.84,4907.68
1834,4899.3,4850.73
1835,4907.07,4909.92
1836,4921.17,4901.32
1837,4855.34,4953.22
1838,4905.86,4989.27
1839,4906.18,4907.48
1840,4851.51,4927.19
1841,4829.36,4902.27
1842,4907.11,4909.69
1843,4909.37,4915.61
1844,4851.21,4876.27
1845,4907.27,4909.12
1846,4919.09,4914.14
1847,4845.77,4952.18
1848,4837.86,4896.18
1849,4905.52,4906.63
1850,4840.22,4893.73
1851,4911.72,4918.83
1852,4925.99,4920.97
1853,4849.39,4877.92
1854,4923.58,4873.29
1855,4850.17,4892.22
1856,4890.52,4935.03
1857,4831.96,4903.88
1858,4919.52,4929.88
1859,4830.17,4901.33
1860,4917.02,4944.87
1861,4902.29,4913.13
1862,4832.59,4905.61
1863,4918.96,4911.57
1864,4903.72,4906.91
1865,4923.56,4928.91
1866,4852.62,4981.9
1867,4900.08,4908.16
1868,4907.23,4906
1869,4853.44,4914.02
1870,4849.3,4870.22
1871,4837.93,4898.54
1872,4832.34,4904.42
1873,4832.34,4906.3
1874,4915.84,4907.25
1875,4831.69,4897.75
1876,4855.6,4905.91
1877,4899.41,4909.87
1878,4845.73,4871.78
1879,4905.22,4907.49
1880,4853.58,4950.25
1881,4864.46,4886.55
1882,4846.59,4872.2
1883,4937.27,4921.79
1884,4830.58,4907.28
1885,4879.34,4898.03
1886,4902.57,4907.24
1887,4827.63,4909.99
1888,4904.31,4907.81
1889,4875.32,4951.58
1890,4911.87,4865.29
1891,4904.36,4913.68
1892,4848.67,4953.2
1893,4836.27,4898.17
1894,4842.92,4899.45
1895,4853.27,4949.1
1896,4874.45,4942.96
1897,4864.65,4890.31
1898,4907.57,4905.77
1899,4832.51,4903.78
1900,4908.7,4900.65
1901,4864.26,4883.77
1902,4906.07,4908.37
1903,4833.32,4906.72
1904,4852.53,4909.52
1905,4915.43,4951.08
1906,4851.07,4910.95
1907,4841.66,4898.73
1908,4901.6,4972.12
1909,4922.47,4915.14
1910,4865.86,4883.46
1911,4921.8,4919.32
1926,5167.02,4654.23
1932,5162.2,4658.77
1939,5160.55,4654.67
1945,5163.94,4657.6
1951,5201.52,4657.37
1955,5164.34,4657.82
1972,5197.12,4657.41
1973,5197.5,4656.99
1976,5197.55,4658.19
1991,5203.43,4657.82
1995,5201.32,4658.15
1998,5202.43,4658.42
2001,5200.68,4658.18
2004,5200.24,4657.7
2007,5163.22,4650.82
2009,5196.44,4658.56
2018,5199.12,4658.9
2024,5200.33,4657.21
2027,5201.63,4659.37
2032,5163.51,4657.72
2038,5167.44,4655.99
2039,5164.95,4656.64
2042,5163.08,4658.81
2054,5161.59,4656.59
2068,5164.29,4656.81
2071,5162.91,4656.97
2072,5161.75,4656.08
2081,5162.14,4655.23
2102,5164.79,4658.39
2111,5162.14,4656.22
2116,5192.84,4657.67
2117,5166.46,4655.18
2127,5165.58,4658.29
2128,5165.77,4653.93
2133,5168.34,4655.02
2135,5165.2,4657.46
2138,5164.61,4656.12
2143,5169.69,4658.21
2153,5162.66,4657.43
2157,5199.86,4660.06
2171,5200.99,4657.73
2174,5165.45,4657.83
2180,5162.59,4658.85
2183,5163.24,4655.79
2187,5163.2,4658.3
2189,5163.73,4649.04
2199,5163.7,4655.17
2203,5164.92,4660.56
2223,5163.75,4656.69
2224,5163.65,4658.43
2225,5203.43,4656.74
2247,5163.84,4658.24
2250,5164.53,4659.77
2254,5165.12,4658.81
2264,5161.37,4660.01
2267,5163.03,4660.34
2268,5171.02,4657.64
2279,5164.05,4655.2
2283,5164.92,4655.31
2284,5203.11,4657.31
2289,5167.3,4654.9
2292,5163.54,4655.79
2302,5164.91,4654.72
2319,5164.2,4658.1
2327,5163.57,4654.76
2336,5163.19,4656.71
2337,5203.19,4660.1
2364,5202.32,4657.2
2378,5200.34,4659.2
2384,5164.22,4655.74
2398,5164.29,4653.18
2417,5172.31,4657
2436,5164.4,4658.94
2445,5166.63,4657.03
2447,5199.83,4658.66
2451,5161.24,4655.79
2458,5162.57,4655.67
2459,5194.5,4658.65
2461,5163.96,4657.73
2463,5163.77,4658.95
2471,5163.28,4657.29
2472,5171.24,4657
2475,5163.77,4659.43
2491,5164.47,4656.74
2494,5205,4658.11
2498,5166.17,4658.29
2502,5167.29,4660.27
2508,5164.84,4657.42
2510,5163.39,4656.03
2511,5162.19,4655.98
2529,5168.22,4663.78
2533,5165.37,4655.94
2538,5199.55,4657.93
2543,5160.8,4640.93
2547,5159.42,4659.48
2571,5175.01,4657.68
2583,5201.91,4658.52
2589,5165.46,4659.4
2598,5163.38,4656.94
2617,5161.69,4657.25
2629,5163.07,4657.97
2635,5173.1,4655.41
2636,5203.9,4658.56
2640,5198.95,4657.56
2643,5162.16,4659.49
2647,5203.9,4657.6
2649,5163.32,4659.12
2653,5163.7,4660.51
2660,5202.71,4656.51
2704,5094.04,5062.9
2740,5091.81,5062.32
427,4864.09,4816.69
464,4890.69,4794.77
549,4886.77,4811.85
351,4881.33,4776.79
364,4887.41,4777.07
393,4888.01,4778.41
399,4888.94,4776.42
441,4889.45,4778.57
476,4891.24,4777.43
501,4889.55,4777.37
564,4884.49,4777.24
349,4817.27,4813.16
350,4820.38,4828.99
352,4827.18,4845.93
354,4815.85,4831.32
355,4816.51,4834.25
356,4786.9,4798.2
357,4806.65,4835.71
358,4795.18,4770.78
359,4814.79,4828.79
360,4814.97,4842.75
361,4815.44,4827.4
362,4813.31,4839.04
365,4808.69,4831.97
367,4818.59,4837.18
368,4825.67,4846.92
369,4809.22,4835.17
370,4816.96,4846.42
371,4807.27,4826.43
372,4811.43,4827.08
373,4818.65,4845.36
374,4819.71,4847.07
375,4829.87,4848.32
377,4790.6,4787.05
378,4822.1,4848.48
379,4800.15,4780.9
380,4801.09,4834.43
381,4803.19,4837.78
382,4813.96,4824.62
383,4796.61,4800.56
384,4841.55,4796.54
385,4823.9,4840.14
386,4793.98,4781.25
387,4815.73,4843.64
388,4818.24,4847.28
390,4820.21,4824.48
391,4821.64,4847.42
392,4819.82,4850.07
394,4820.4,4846.89
395,4816.7,4846.07
396,4815.08,4830.48
397,4814.61,4837.93
398,4826.81,4847.5
400,4821.79,4849.85
401,4790.56,4777.47
402,4818.15,4844.31
403,4816.68,4831.03
404,4825.34,4848.23
405,4819.57,4826.13
406,4803.35,4800.58
407,4812.59,4826.56
408,4824.22,4848.21
409,4826.51,4848.2
410,4816.49,4828.63
411,4790.25,4790.18
412,4820.21,4844.85
413,4811.93,4839.12
415,4815.93,4840.85
416,4815.35,4848.83
417,4820.64,4848.15
418,4817.5,4835.78
419,4818.65,4847.74
421,4815.52,4838.95
422,4800.92,4833.07
423,4818.18,4849.14
424,4804.01,4836.54
425,4822.37,4836.16
426,4816.76,4835.91
429,4810.29,4818.67
430,4823.65,4849.68
431,4822.81,4847.79
432,4819.62,4842.78
433,4810.73,4822.54
434,4821.9,4841.36
435,4808.37,4834.02
436,4818.93,4846.84
437,4804.31,4797.86
438,4819.73,4846.56
439,4817.73,4845.69
440,4825.51,4840.68
442,4814.09,4836.45
443,4794.46,4777.68
444,4819.31,4843.29
445,4816.98,4842.07
446,4825.26,4842.86
447,4790,4772.05
448,4801.75,4814.51
449,4809.77,4827.77
450,4817.92,4832.97
451,4815,4847.38
452,4818.61,4839.04
453,4797.59,4784.06
454,4860.91,4776.4
455,4814.92,4832.41
456,4822.2,4847.06
457,4805.81,4834.86
458,4817.01,4837.51
459,4804.82,4832.45
460,4817.89,4842.93
461,4816.34,4847.19
462,4824.73,4838.54
463,4817.67,4838.9
465,4819.41,4848.32
466,4811.28,4817.31
467,4800.92,4787.14
468,4797.13,4776.83
469,4808.91,4838.77
470,4814.47,4825.58
471,4816.69,4848.85
472,4790.68,4829.72
473,4818.58,4843.38
474,4813.64,4829.25
477,4806.8,4829.23
478,4818.74,4820.95
479,4824.91,4847.14
480,4801.61,4821.3
481,4814.47,4830.69
482,4823.85,4846.25
485,4805.9,4819.66
486,4803.02,4836.02
487,4823.34,4847.12
488,4821.9,4843.97
489,4813.64,4831.94
490,4820.32,4833.04
491,4821.16,4831.66
492,4821.77,4850.91
493,4824.8,4848.66
494,4828.18,4849.98
495,4815.14,4841.83
496,4824.33,4845.24
497,4821.14,4846.28
498,4800.31,4796.55
499,4798.83,4787.88
500,4821.04,4844.79
502,4822.4,4832.9
503,4823.02,4850.22
504,4814.82,4831.83
505,4802.13,4836.91
506,4820.03,4845.82
507,4820.62,4844.19
508,4821.51,4833.26
509,4802.83,4834.41
510,4814.53,4833.67
511,4824.72,4846.46
512,4825.95,4845.83
513,4819.97,4848.4
514,4821.1,4847.11
515,4821.52,4846.27
516,4805.77,4836.2
518,4806.67,4833.63
519,4817.31,4832.61
520,4818.8,4846.09
521,4821.23,4838.55
522,4812.46,4819.2
523,4818.42,4841.65
524,4819.72,4849.32
525,4823.12,4848.35
527,4820.59,4849.5
528,4813.69,4827.47
529,4811.35,4819.53
530,4808.14,4809.57
531,4815.84,4829.89
532,4802.35,4792.61
533,4803.14,4819.59
534,4820.4,4821.09
535,4811.44,4840.48
536,4826.82,4844.77
537,4820.99,4851.61
539,4818.21,4830.35
540,4809.13,4837.42
541,4818.34,4827.38
542,4819.58,4847.89
543,4812.44,4830.74
544,4819.86,4845.4
545,4820.93,4843.14
546,4815.92,4833.62
547,4815.7,4832.22
548,4819.52,4838.31
550,4785.65,4774.99
551,4804.14,4835.51
552,4842.96,4796.99
553,4816.64,4844.46
554,4804.92,4834.47
555,4816.06,4835.16
556,4817.35,4843.87
557,4817.92,4837.9
558,4812.55,4837.98
559,4822.24,4850.29
560,4822.32,4845.14
561,4821.29,4848.87
562,4809.97,4813.17
565,4819.67,4840.97
567,4782.38,4889.23
568,4814.19,4821.45
569,4813.48,4843.31
570,4816.19,4839.13
571,4806,4810.93
572,4802.18,4786.38
591,4818.2,4851.63
656,4793.22,4841.34
669,4818.42,4850.52
604,4816.64,4851.26
645,4812.52,4849.83
646,4804.42,4848.88
666,4780.76,4821.53
683,4813.58,4847.44
587,4803.8,4844.72
590,4785.32,4831.22
614,4817.4,4849.33
634,4805.73,4841.47
680,4777.63,4819.1
586,4796.65,4839.99
610,4791.2,4848.25
652,4795.35,4829.46
673,4796.45,4827.44
676,4814.02,4845.92
620,4787.1,4827.61
574,4779.87,4828.75
630,4782.08,4826.16
678,4781.82,4827.34
593,4796.54,4824.02
609,4783.95,4824.46
573,4773.73,4817.4
575,4769.94,4815.56
576,4746.59,4785.22
577,4749.97,4788.28
578,4748.28,4787.99
579,4775.56,4820.36
581,4734.72,4783.97
582,4748.05,4786
583,4747.4,4787.97
584,4782.34,4830.61
585,4733.88,4798.22
588,4771.51,4818.91
589,4775.61,4819.44
592,4774.91,4820.06
594,4667.3,4528.13
595,4749.12,4785.69
597,4776.15,4817.13
598,4774.36,4815.58
599,4748.36,4789.66
600,4746.63,4786.98
602,4746.39,4773.27
603,4773.05,4814.75
605,4775,4816.61
607,4742.43,4775.11
608,4749.99,4772.33
611,4771.61,4814.72
612,4773.05,4819.36
613,4738.22,4778.56
615,4746.76,4788.49
616,4774.32,4824.44
617,4775.04,4818.29
618,4777.43,4822.83
619,4775.82,4818.1
621,4765.95,4818.52
622,4769.56,4819.33
623,4773,4816.48
624,4731.44,4795.18
625,4771.99,4816.65
626,4771.05,4817.4
627,4747.95,4787.29
628,4744.78,4789
631,4777.09,4825.92
632,4747.5,4789.81
633,4773.22,4818.08
635,4752.08,4790.65
636,4776.75,4819.02
638,4753.58,4772.41
639,4786.34,4835.47
640,4749.43,4786.72
642,4734.03,4785.84
643,4747.26,4786.69
644,4779.9,4821.39
647,4751.44,4791.82
648,4755.89,4803.27
650,4749.91,4787.33
653,4778.88,4822.2
654,4777.91,4820.22
655,4777.69,4829.84
657,4770.43,4822.98
658,4748.92,4787.46
659,4749.1,4788.23
660,4760.03,4814.34
661,4746.47,4787.66
662,4747.55,4788.92
663,4776.36,4827.45
664,4772.38,4817.68
665,4746.25,4789.59
667,4753.52,4719.18
668,4734.52,4793.48
670,4749.26,4789.11
671,4798.1,4846.45
672,4770.6,4820.38
674,4732.44,4790.15
675,4748.34,4788.77
677,4774.61,4819.06
679,4779.43,4830.57
681,4748.48,4786.65
682,4775.7,4824.27
684,4772.19,4815.87
685,4774.02,4820.11
1967,5000.89,4727.08
3437,4389.38,5354.59
3454,4442.11,5300.35
3487,4469.66,5249.97
3723,4478.36,5237.99
3861,4418.53,5297.44
3961,4485.32,5228.42
3980,4508.86,4192.69
3989,4549.02,4278.78
4011,4561.88,4306.09
4031,4532.42,4243.07
686,4398.24,6038.53
687,4396.43,6029.44
688,4400.92,6033.14
689,4397.91,6066.29
690,4401.74,6042.6
691,4394.04,6060.38
692,4389.81,6076.91
693,4406.14,6033.03
694,4401.12,6034.14
695,4402.65,6035.4
696,4401.8,6033.97
697,4400.93,6028.74
698,4408.68,5942.39
699,4390.44,6068.6
700,4404.86,6044.15
701,4403.58,6034.02
702,4399.02,6067.52
703,4396.78,6028.12
704,4392,6045.58
705,4398.46,6033.54
706,4404.36,6035.01
707,4395.68,6059.75
708,4399.85,6022.36
709,4398.88,6028.85
710,4407.82,6036.33
711,4402.93,6038.84
712,4397.11,6060.53
713,4400.39,6035.8
714,4398.76,6064.33
715,4397.99,6040.35
716,4392.48,6037.14
717,4377.25,6032.27
718,4395.53,6033.46
719,4399.94,6032.6
720,4390.9,6035.38
721,4401.15,6047.58
722,4399.59,6041.42
723,4405.22,6037.6
724,4400.71,6036.91
725,4400.61,6066.13
726,4402.74,6033.69
727,4403.35,6036.82
728,4396.35,6030.32
729,4402.9,5992.56
730,4391.82,6030.2
731,4402.73,6034.41
732,4401.03,6064.95
733,4400.27,6051.65
734,4404.1,6038.12
735,4402.17,6019.04
736,4398.13,6054.45
737,4402.83,6031.75
738,4401.16,6039.06
739,4395.67,6032.51
740,4390.28,6042.4
741,4394.52,6030.86
742,4397.13,6052.5
743,4390.06,6061.58
744,4386.36,6053.63
745,4399.8,6033.9
746,4394.51,6055.38
747,4398.03,6027.28
748,4393.89,6034.55
749,4380.63,6065.43
750,4407.46,6055.83
751,4404.03,6039.87
752,4400.77,6034.73
753,4401.23,6007.88
754,4399.23,6031.46
755,4393.32,6035.66
756,4406.73,6038.89
757,4383.74,6059.38
758,4392.73,6034.93
759,4395.88,6039.62
760,4401.62,6034.77
761,4406.56,6031.04
762,4397.14,6038.14
763,4392.48,6029.29
764,4394.6,6031.66
765,4395.57,6025.53
766,4402.01,6035.85
767,4396.86,6063.67
768,4398.05,6056.41
769,4400.64,6013.44
770,4396.42,6036.22
771,4400.46,6059.23
772,4401.99,6024.79
773,4399.92,6034.91
774,4400.54,6026.07
775,4382.66,6067.28
776,4405.57,5964.3
777,4397.65,6036.09
778,4406,6034.57
779,4395.43,6029.07
780,4399.5,6030.61
781,4398.21,6034.22
782,4396.09,6050.09
783,4392.04,6033.25
784,4402.12,6037.74
785,4412.63,6051.61
786,4398.5,6052
787,4393.76,6033.51
788,4402.36,6067.8
789,4398.33,6062.33
790,4385.07,6045.24
791,4403.24,6063.4
792,4398.29,6029.87
793,4391.77,6036.17
794,4402.92,6040.84
795,4400.69,6042.32
796,4402.59,6060.42
797,4393.15,6032.62
798,4388.19,6016.95
799,4394.77,6040.88
800,4401.92,6027.18
801,4396.6,6078.25
802,4404.13,6065.45
803,4397,6025.4
804,4401.24,6000.82
805,4400.71,6031.21
806,4401,6062.72
807,4396.35,6026.87
808,4388.41,6037.71
809,4391.36,6034.07
810,4402.36,6029.36
811,4402.46,6008.93
812,4408.86,6033.96
813,4398.09,6046.97
814,4397.98,6035.13
815,4401.76,6031.53
816,4396.06,6055.92
817,4394.99,6034.83
818,4401.24,6057.2
819,4399.74,6025.52
820,4397.75,6033.52
821,4401.32,6041.12
822,4399.42,6060.67
823,4399.63,6028.08
824,4400.63,6032.4
825,4401,5989.14
826,4405.77,6040.12
827,4398.54,6032.81
828,4400.75,6030.61
829,4400.39,6040.47
830,4401.5,6030.29
831,4395.84,6037.51
832,4383.72,6042.33
833,4395.55,6057.34
834,4401.82,6033.34
835,4397.68,6029.28
836,4392.98,6038.51
837,4404.29,6028.9
838,4398.76,6027.14
839,4399.44,6062.96
840,4400.59,6024.92
841,4381.22,6055.42
842,4401.7,6036.71
843,4395.16,6027.86
844,4405.14,6032.96
845,4399.32,6033.21
846,4409.18,6043.93
847,4403.7,6035.77
848,4398.9,6036.29
849,4396.81,6032.01
850,4397.35,6050.35
851,4411.2,6039.74
852,4377.04,6034.51
853,4401.13,6035.79
854,4409.31,6049.85
855,4376.03,6033.3
856,4401.14,6011.05
890,4401.95,6003.25
857,4420.41,5487.33
858,4406.99,5903.93
859,4406.59,5949.64
860,4722.79,5581.37
861,4403.78,5990.07
862,4437.04,5384.48
863,4402.94,5987.02
864,4403.22,5978.24
865,4418.64,5611.56
866,4406.56,5919.04
867,4405.59,5955.95
868,4420.06,5611.64
869,4403.18,6003.35
870,4407.37,5908.14
871,4408.54,5853.8
872,4407.75,5957.03
873,4405.93,5957.43
874,4407.11,5955.94
875,4403.83,5943.83
876,4403.64,5986.24
877,4403.62,5955.17
878,4404.72,5986.7
879,4406.78,5910.66
880,4399.92,6015.6
881,4406.19,5907.27
882,4402.05,5985.75
883,4408.24,5945.52
884,4403.7,5971.79
885,4406.26,5954.46
886,4403.61,5983.14
887,4408.41,5955.28
888,4404.52,5987.95
889,4402.87,5988.92
891,4400.71,5945.79
892,4412.87,5946.19
893,4404.06,5975.86
894,4406.68,5922.19
895,4407.4,5906.27
3456,4430.02,5334.9
3495,4430.18,5336.17
3586,4426.06,5339.4
3621,4428.11,5353.91
3626,4422.86,5361.87
3797,4433.83,5335.27
3501,4431.95,5331.22
3517,4428.25,5340.78
3550,4437.69,5330.76
3577,4431.58,5330.61
3592,4439.5,5338.45
3609,4438.25,5327.84
3633,4429.33,5331.75
3677,4431.33,5329.84
3684,4428.9,5333.19
3721,4435.11,5331.02
3779,4420.77,5342.24
3872,4441.88,5329.11
3948,4430.18,5332.45
2678,4992.47,5117.86
2760,5002.35,5135.89
2822,5003.5,5130.05
2883,5002.86,5133.45
2941,5008.31,5143.71
2968,5008.17,5137.07
3005,5026.48,5171.7
3057,5001.25,5134.06
3136,5022.6,5181.97
3164,4990.72,5114.09
3222,4998.5,5121.57
3245,4998.94,5123.03
3248,5019.68,5187.23
3263,5011.67,5155.24
3278,4997.45,5119.21
3328,5026.46,5170.16
3361,5006.84,5134.48
3440,4432.69,5325.65
3525,4433.88,5325.92
3540,4433.93,5327.34
3556,4441.03,5323.9
3561,4392.94,5328.93
3651,4432.84,5327.56
3674,4430.42,5328.94
3692,4434.8,5328.23
3741,4439.56,5322.81
3750,4434.26,5328.81
3756,4427.21,5331.59
3830,4420.07,5342.19
3851,4429.75,5330.01
3877,4428.2,5330.1
3886,4435.53,5327.49
3943,4434.27,5325.23
3962,4430.36,5330.3
2677,5010.3,5131.89
2826,4998.51,5116.42
2724,5017.26,5172.18
2752,5016.61,5148.66
2775,5018.21,5164.41
2869,5033.36,5175.3
2892,5018.92,5166.44
2962,5020.18,5159.17
3001,5014.01,5166.78
3019,5020,5170.24
3100,5020.52,5166.77
3162,5019.33,5171.95
3168,5016.68,5168.58
3233,5018.57,5173.05
3295,5016.26,5169.96
3304,5047.08,5225.42
3331,5022.32,5171.91
3366,5019.87,5172.56
3404,5015.48,5182.09
3406,5029.87,5179.8
3412,5017.27,5169.15
2813,5013.17,5158.38
2971,5002.16,5120.33
3034,5025.99,5177.13
3178,5018.27,5177.33
3410,5012.56,5160.6
3420,5014.32,5162.49
2976,5029.89,5171.07
3011,5023.41,5164.64
3179,5031.71,5173.5
3289,5017.77,5162.16
1920,5160.92,4657.32
1941,5161.23,4642.17
1948,5160.34,4658.05
1959,5162.16,4654.35
2028,5161.27,4659.2
2047,5171.37,4650.37
2053,5161.46,4654.93
2065,5159.54,4645.47
2087,5162.89,4657.13
2125,5161.3,4658.07
2132,5158.75,4656.55
2134,5164.21,4656.2
2148,5160.32,4658.62
2149,5162.79,4658.15
2169,5161.77,4658.95
2191,5162.37,4655.42
2194,5163.71,4656.14
2196,5161.71,4658.44
2198,5159.69,4661.73
2239,5158.34,4659.25
2266,5160.63,4629.33
2282,5161.26,4656.38
2285,5159.44,4657.53
2293,5159.43,4654.47
2315,5162.19,4657.52
2328,5161.42,4655.59
2332,5161.9,4656.3
2333,5160.84,4655.34
2338,5161.31,4656.61
2347,5160.38,4638.51
2351,5162.78,4656.18
2368,5160.82,4658.71
2372,5163.88,4655.89
2385,5162.89,4652.97
2399,5160.15,4654.91
2420,5161.16,4654.46
2496,5156.82,4660.44
2501,5159.95,4649.57
2509,5160.5,4657.2
2512,5162.08,4652.45
2516,5161.33,4657.58
2530,5161.48,4648.5
2542,5159.27,4629.43
2555,5162.25,4657.32
2567,5162.96,4654.53
2592,5162.5,4654.71
2597,5163.78,4654.42
2608,5164.55,4654.29
2642,5166.62,4655.9
2725,5010.05,5138.81
2734,5025.12,5162.36
2764,5005.4,5132.24
2964,5011.53,5156.66
3020,5028.69,5169.8
3062,5017.8,5166.9
3079,5032.02,5171.11
3165,5000.45,5126.47
3205,5008.93,5149.46
3258,5029.54,5168.23
3386,5030.37,5176.6
3409,5022.28,5167.85
2693,5019.08,5148.76
2979,5013.53,5153.29
3101,5033.06,5179.97
3265,5038.06,5178.61
3385,5020.08,5180.16
1913,5171.64,4664.69
1916,5160.85,4660.21
1940,5162.07,4660.07
1947,5160.11,4656.89
1954,5172.54,4658.52
1994,5163.36,4653.81
2002,5162.93,4655.27
2010,5161.75,4660.47
2026,5162.35,4650.68
2052,5161.76,4658
2062,5160.44,4651.15
2101,5160.41,4653.71
2137,5161.97,4649.92
2144,5161.22,4658.54
2151,5160.72,4659.21
2163,5157.53,4655.8
2176,5167.1,4655.63
2215,5163.69,4652.54
2241,5162.32,4658.37
2246,5161.79,4659.31
2273,5164.02,4658.56
2294,5160.8,4657.93
2295,5160.33,4663.49
2298,5171.71,4659.88
2343,5160.9,4659.67
2344,5160.68,4656.67
2355,5170.91,4660.54
2377,5160.38,4656.49
2389,5178.82,4660.38
2394,5160.44,4655.85
2413,5174.51,4665.02
2419,5166,4657.04
2465,5162.58,4659.93
2468,5159.86,4633.18
2519,5159.05,4660.92
2544,5166.75,4652.92
2582,5162.49,4659.49
2588,5163.25,4659.8
2594,5164.95,4652.11
2605,5167.91,4661.67
2609,5159.28,4655.96
2616,5165.13,4659.66
2903,5015.36,5141.68
2938,5020.82,5167.55
2999,5030.77,5164.17
3201,5034.19,5178.86
3319,5028.21,5170.89
3355,5032.52,5178.59
3097,5026.24,5182.69
2707,5021.17,5162.13
3111,5029.75,5175.52
3186,5019.79,5168.54
2661,5035.46,5181.37
2662,5026.19,5178.34
2663,5052.99,5253.22
2664,5052.17,5238.25
2665,5027.5,5183.87
2666,5049.18,5239.64
2667,5027.36,5196.06
2668,5029.21,5194.28
2669,5052.68,5237.5
2670,5012.87,5244.96
2671,5043.21,5157.94
2672,5034.73,5174.28
2673,5059.01,5237.08
2674,5037.03,5182.48
2675,5023.75,5185.95
2676,5052.07,5237.43
2679,5051.74,5240.61
2680,5054.29,5236.09
2681,5055.77,5241.45
2682,5012.5,5171.06
2683,5054.11,5243.98
2684,5034.62,5171.74
2685,5011.64,5178.05
2686,5022.29,5188.47
2687,5039.71,5189.45
2688,5018.95,5153.72
2689,5053.38,5237.67
2690,5025.7,5191.77
2691,5100.26,5239.26
2692,5005.05,5183.57
2694,5052.06,5235.83
2695,5064.41,5236.97
2696,5016.64,5184.58
2697,5014.51,5179.93
2698,5050.47,5239.54
2699,5013.21,5248.08
2700,5026.24,5187.62
2701,5036.98,5171.9
2702,5022.95,5190.25
2703,5013.89,5244.48
2705,5056.1,5234.33
2706,5056.59,5238.3
2708,5035.73,5173.32
2709,5025.07,5198.86
2710,5057.6,5255.29
2711,5022.18,5177.88
2712,5035.59,5184.98
2713,5024.59,5178.16
2714,5032.15,5155.81
2715,5026.73,5191.48
2716,5031.86,5183.07
2717,5049.77,5236.06
2718,5021.98,5184.22
2719,5035.44,5178.31
2720,5030.65,5181.9
2721,5041.59,5157.96
2722,5062.3,5194.51
2723,5029.95,5199.09
2726,5053.92,5255.75
2727,5017.84,5185.42
2728,5018.53,5174.27
2729,5048.85,5241.54
2730,5021.81,5181.48
2731,5049.91,5248.52
2732,5100.2,5230.89
2733,5037.48,5173.72
2735,5023.93,5190.38
2736,5018.41,5209.56
2737,5026.99,5172.66
2738,5052.55,5243.34
2739,5019.3,5177.42
2741,5054.48,5241.72
2742,5035.79,5182.47
2743,5055.22,5243.04
2744,5009.26,5178.61
2745,5056.06,5245.51
2746,5053.77,5231.52
2747,5028.52,5197.52
2748,5034.72,5186.06
2749,5054.35,5239.97
2750,5052.56,5239.13
2751,5033.72,5192.93
2753,5032.47,5179.94
2754,5053.83,5238.23
2755,5050.5,5239.02
2756,5052.39,5245.34
2757,5053.21,5238.12
2758,5018.91,5183.69
2759,5046.9,5223.79
2761,5060.76,5239.91
2762,5024.82,5193.49
2763,5057.13,5239.37
2765,5039.72,5183.54
2766,5046.21,5250.42
2767,5009.68,5247.05
2768,5024.61,5179.57
2769,5057.28,5256.22
2770,5039.99,5182.82
2771,5019.79,5204.11
2772,5028.98,5189.75
2773,5049.51,5242.14
2774,5095.04,5248.12
2776,5089.97,5220.87
2777,5053.94,5237.75
2778,5035.29,5179.48
2779,5014.95,5171.52
2780,5031.6,5186.29
2781,5031.48,5181.33
2782,5052.46,5239.56
2783,5028.92,5185.22
2784,5024.59,5186.03
2785,5035.48,5187.91
2786,5052.06,5241.69
2787,5029.54,5187.42
2788,5094.83,5225.46
2789,5055.9,5255.94
2790,5024.81,5164.82
2791,5041.67,5194.21
2792,5098.45,5238.92
2793,5033.75,5182.62
2794,5048.06,5247.92
2795,5025.39,5188.81
2796,5036.78,5179.29
2797,5035.96,5172.17
2798,5045,5260.43
2799,5094.22,5218.59
2800,5053.94,5239.52
2801,5013.22,5195.93
2802,5044.11,5177.69
2803,5024.14,5186.93
2804,5039.78,5194.45
2805,5066.42,5203.38
2806,5056.87,5237.62
2807,5055.73,5253.2
2808,5068.62,5179.68
2809,5060.33,5251.52
2810,5050.35,5240.99
2811,5046.48,5181.54
2812,5029.81,5191.25
2815,5049.58,5236.69
2816,5014.87,5194.24
2817,5094.75,5246.48
2818,5028.09,5173.39
2819,5027.83,5185.91
2820,5013.41,5185.85
2821,5044.61,5250.65
2823,5035.9,5174.13
2824,5044.21,5159.25
2825,5015.69,5177.78
2827,5050.92,5238.69
2828,5036.64,5180.19
2829,5016.15,5172.48
2830,5021.74,5174.73
2831,5023.56,5193.27
2832,5029.15,5192.44
2833,5034.88,5180.14
2834,5012.4,5236.63
2835,5053.69,5236.42
2836,5026.24,5194.64
2837,5060.56,5254.27
2839,5053.75,5238.49
2840,5035.34,5175.56
2841,5026.56,5198.89
2842,5101.03,5210.82
2843,5017.51,5189.13
2844,5027.93,5187.52
2845,5028.7,5171.71
2846,5039.82,5190.41
2847,5019.42,5182.06
2848,5025.55,5179.82
2849,5036.58,5182.03
2850,5055.81,5235.51
2851,5053.87,5254.05
2852,5059.04,5232.77
2853,5037.79,5182.25
2854,5058.11,5242.24
2855,5056.74,5187.5
2856,5027.47,5192.22
2857,5097.03,5213.8
2858,5022.33,5198.9
2859,5025.72,5186.22
2860,5000.46,5190.42
2861,5091.78,5219.12
2862,5051.63,5241.47
2863,5035.9,5186.3
2864,5053.77,5237.19
2865,5017.2,5186.99
2866,5050.28,5238.01
2867,5054.48,5237.88
2868,5030.06,5192.11
2870,5017.6,5180.22
2871,5024.36,5184.24
2872,5050.97,5239.5
2873,5050.72,5242.78
2874,5052.12,5244.53
2875,5032.73,5177.57
2876,5042.25,5186.91
2877,5052.93,5239.45
2878,5033.33,5196.13
2879,5014.5,5245.24
2880,5054.69,5236.78
2881,5029.94,5178.66
2882,5024.23,5168.36
2884,5071.12,5243.4
2886,5066.65,5184.9
2887,5053.09,5245.28
2888,5052.7,5255.18
2889,5016.26,5237.67
2890,5052.03,5242.71
2891,5059.58,5238.94
2893,5008.69,5195.79
2894,5034.39,5176.9
2895,5031.58,5198.6
2896,5055.65,5236.5
2897,5052.52,5235.6
2898,5022.58,5206.11
2899,5052.86,5263.57
2900,5012.49,5172.6
2901,5032.11,5185.69
2902,5100.55,5228.01
2904,5035.21,5185.93
2905,5050.52,5238.4
2906,5052.06,5238.98
2907,5054.22,5244.85
2908,5053.87,5233.96
2909,5054.38,5238.95
2910,5051.82,5236.89
2911,5051.3,5236.66
2912,5049.9,5238.75
2913,5050.21,5236.77
2914,5030.92,5185.66
2915,5053.21,5241.47
2916,5051.76,5236.38
2917,5050.28,5232.92
2918,5016.99,5190.72
2919,5053.03,5236.66
2920,5053.31,5235.64
2921,5026.07,5184.42
2922,5075.99,5204.73
2923,5024.47,5167.13
2924,5055.13,5241.93
2925,5052.72,5236.04
2926,5013.75,5212.21
2927,5053.5,5239.76
2928,5053.22,5240.96
2929,5051.34,5244.1
2930,5099.26,5228.63
2931,5054.53,5242.96
2932,5021.62,5186.87
2933,5055.29,5193.78
2934,5013.97,5178.95
2935,5054.12,5187.74
2936,5035.48,5180.06
2937,5035.66,5176.84
2939,5037.25,5181.92
2940,5052.64,5238.05
2942,5020.29,5196.23
2943,5055.18,5238.76
2944,5054.04,5240.65
2945,5054.76,5242.37
2946,5045.98,5221.97
2947,5018.38,5168.67
2948,5061.84,5236.68
2949,5058.85,5185.98
2950,5030.51,5183.12
2951,5023.79,5178.82
2952,5072.36,5249.86
2953,5049.26,5244.05
2954,5021.77,5201.17
2955,5020.44,5183.97
2956,5051.12,5241.13
2957,5014.02,5176.3
2958,5028.42,5178
2959,5012.38,5246.61
2960,5053.07,5239.03
2961,5060.95,5230.53
2963,5047.99,5260.6
2965,5029.11,5175.98
2966,5051.8,5239.9
2967,5061.11,5238.35
2969,5053.14,5237.09
2970,5039.7,5181.89
2972,5012.44,5244.08
2973,5034.95,5181.33
2974,5054.88,5239.4
2975,5076.06,5210.68
2977,5050.24,5246.05
2978,5056.16,5254.25
2980,5054.37,5190.51
2981,5051.52,5248.7
2982,5013.67,5246.93
2983,5057.56,5190.43
2984,5028.28,5181.67
2985,5049.3,5238.5
2986,5052.54,5238.58
2987,5047.44,5244.79
2988,5051.37,5242.91
2989,5031.6,5183.75
2990,5017.37,5176.64
2991,5037.56,5180.38
2992,5034.66,5180.89
2993,5048.99,5243.05
2994,5051.14,5242.29
2995,5027.48,5168.56
2996,5028.64,5190.31
2997,5054.01,5196.47
2998,5060.17,5180.89
3000,5052.45,5241.07
3002,5023.58,5177.93
3004,5055.29,5237.86
3006,5069.93,5201.39
3007,5027.34,5176.78
3008,5013.15,5245.92
3009,5032.35,5189.62
3010,5057.15,5247.24
3012,5058.25,5193.79
3013,5040.91,5190.87
3014,5049.96,5243.25
3015,5035.17,5195.84
3016,5034.64,5188.73
3017,5031.6,5180.37
3018,5020.09,5177.66
3021,5038.98,5181.9
3022,5051.43,5238.93
3023,5059.04,5238.42
3024,5024.08,5174.45
3025,5052.61,5246.33
3026,5052.48,5242.48
3027,5029.61,5185.77
3028,5059.63,5196.55
3029,5052.7,5243.86
3030,5062.19,5255.71
3031,5103.5,5220.64
3032,5016.63,5190.17
3033,5050.98,5237.93
3035,5035.76,5182.8
3036,5053.26,5246.58
3037,5098.95,5240.82
3038,5032.37,5183.81
3039,5038.84,5174.59
3040,5048.81,5237.42
3041,5038.19,5191.88
3042,5055.42,5248.83
3043,5022.22,5186.11
3044,5067.62,5244.62
3045,5062.3,5261.42
3046,5036.98,5189.36
3047,5048.6,5239.81
3048,5023.97,5194.58
3049,5036.88,5184.22
3050,5024.89,5196.98
3051,5032.09,5179.07
3052,5056.62,5240.92
3053,5090.96,5217.37
3054,5054.38,5238.48
3055,5094.48,5249.29
3056,5054.39,5237.28
3058,5042.34,5192.5
3059,5059.31,5265.32
3060,5035.09,5178.47
3061,5008.47,5170.35
3063,5057.07,5192.64
3064,5050.36,5236.18
3065,5052.09,5234.95
3066,5062.37,5188.79
3067,5024.77,5171.98
3068,5013.72,5169.49
3069,5021.22,5172.45
3070,5036.19,5183.43
3071,5102.87,5215.97
3072,5036.3,5187.05
3073,5053.46,5242.45
3074,5093.34,5247.37
3075,5027.41,5188.74
3076,5033.7,5177.64
3077,5021.89,5170.47
3078,5051.49,5237.94
3080,5058.43,5249.4
3081,5016.41,5181.36
3082,5034.2,5181.63
3083,5062.77,5184.79
3084,5051.69,5245.44
3085,5054,5235.51
3086,5018,5171.67
3087,5021.91,5187.95
3088,5044.51,5188.2
3089,5034.32,5185.53
3090,5051.96,5243.55
3091,5042.63,5159.19
3092,5063.16,5243.44
3093,5032.46,5193.06
3094,5049.75,5186.76
3095,5058.45,5251.09
3096,5051.65,5237.58
3098,5051.09,5237.23
3099,5027.03,5202.58
3102,5039.13,5181.16
3103,5017.85,5170
3104,5053.27,5243.63
3105,5087.74,5220.8
3106,5034.06,5182.19
3107,5025.5,5184.7
3108,5051,5236.16
3109,5039.11,5191.2
3110,5023.97,5191.51
3112,5043.65,5175.28
3113,5033.98,5180.64
3114,5052.03,5247.42
3115,5033.71,5181.71
3116,5035.78,5182.06
3117,5045.93,5222.75
3118,5026.42,5174.43
3119,5051,5243.19
3120,5035.02,5183.09
3121,5068.62,5186.38
3122,5092.62,5218.3
3123,5050.63,5247.73
3124,5031.72,5192.11
3125,5065.92,5178.74
3126,5071.69,5189.24
3127,5092.84,5248.57
3128,5066.58,5187.5
3129,5056.84,5240.01
3130,5053.92,5258.01
3131,5100.82,5229.57
3132,5036.4,5181.51
3133,5014.59,5173.79
3134,5060.74,5209.29
3135,5050.72,5245.43
3137,5053.14,5248.16
3138,5022.62,5194.42
3139,5054.83,5255.12
3140,5029.07,5184.1
3141,5090.59,5218.93
3142,5049.52,5237.95
3143,5065.9,5260.37
3144,5032.95,5191.33
3145,5034.66,5178.33
3146,5037.26,5183.84
3147,5093.09,5250.23
3148,5034.58,5184.16
3149,5049.87,5239.24
3150,5032.62,5181.17
3151,5028.55,5191.6
3152,5034.71,5182.09
3153,5059.22,5255.6
3154,5026.06,5178.87
3155,5054.3,5198.64
3156,5012.06,5187.43
3157,5030.64,5174.14
3158,5050.67,5244.63
3159,5005.33,5180.86
3160,5031.02,5176.35
3161,5017.94,5155.82
3163,5046.33,5241.93
3166,5048.62,5245.22
3167,5015.05,5190.35
3169,5037.98,5181.76
3170,5039.26,5176.4
3171,5022.14,5191.43
3172,5034.9,5177.48
3174,5050.42,5237.6
3175,5049.03,5198.85
3176,5016.59,5174.09
3177,5020.78,5176.01
3180,5099.52,5229.88
3181,5098.26,5229.9
3182,5033.47,5176.6
3183,5089.37,5256.93
3184,5056.65,5238.87
3185,5033.61,5178.1
3187,5018.77,5191.59
3188,5037.96,5186.04
3189,5020.89,5183.49
3190,5019.75,5200.62
3191,5025.37,5177.54
3192,5033.72,5189.69
3193,5060.56,5237.37
3194,5042.51,5190.79
3195,5050.67,5237.06
3196,5020.33,5186.84
3197,5048.19,5196.71
3198,5029.67,5183.18
3199,5038.05,5177.83
3200,5092.2,5216.56
3202,5056.75,5230.94
3203,5025.95,5181.21
3204,5034.27,5183.26
3206,5038.21,5183.25
3207,5019.11,5173.15
3208,5026.69,5196.58
3209,5040.63,5189.04
3210,5019.41,5179.43
3211,5026.88,5189.47
3212,5037.89,5188.23
3213,5057.9,5238.38
3214,5027.66,5189.67
3215,5034.01,5194.37
3216,5085.41,5214.85
3217,5030.35,5203.57
3218,5093.36,5217.48
3219,5022.12,5183.19
3220,5055.21,5241.06
3221,5021.73,5193.8
3223,5019.17,5170.83
3224,5033.8,5186.32
3225,5033.44,5173.67
3226,5051.7,5238.36
3227,5073.69,5244.14
3228,5054.79,5234.82
3229,5052.77,5257.13
3230,5021.1,5268.37
3231,5056.51,5253.18
3232,5052.67,5240.09
3234,5059.54,5240.59
3235,5046.38,5190.33
3236,5018.12,5193.24
3237,5059.17,5239.63
3238,5049.85,5244.32
3239,5037.87,5183.63
3240,5031.84,5182.25
3241,5015.63,5171
3242,5026.74,5192.84
3243,5055.7,5244.56
3244,5012.12,5179.53
3246,5013.24,5182.95
3247,5037.44,5182.97
3249,5025.4,5195.39
3250,5048.48,5236.2
3251,5097.43,5228.17
3252,5035.1,5182.47
3253,5025.18,5183.6
3254,5030.79,5168.56
3255,5019.39,5188.21
3256,5020.79,5191.51
3257,5053.62,5245.84
3259,5022.06,5185.27
3260,5038.82,5186.51
3261,5034.4,5176.26
3262,5036.38,5171.14
3264,5017.73,5189.94
3266,5003.12,5174.63
3267,5038,5182.66
3268,5093.84,5239.67
3269,5065.1,5254.99
3270,5051.52,5191.66
3271,5093.08,5222.74
3272,5038.54,5179.56
3273,5020.13,5171.44
3274,5033.21,5183.58
3275,5020.08,5192.76
3276,5025.07,5181.51
3277,5035.77,5183.73
3279,5023.69,5189.52
3280,5036.27,5180.82
3281,5044.82,5175.85
3282,5011.39,5220.72
3283,5011.8,5245.85
3284,5052.5,5237.02
3285,5016.8,5171.32
3286,5059.83,5236.13
3287,5032.32,5175.89
3288,5033.26,5180.73
3291,5032.69,5182.82
3292,5017.07,5183.4
3293,5053.46,5243.2
3294,5060.59,5241.02
3296,5032.71,5185.65
3297,5037.36,5181.03
3298,5036.44,5175.87
3299,5033.44,5185.61
3300,5055.81,5258.17
3301,5056.08,5236.94
3302,5028.25,5179.87
3303,5058.49,5241.71
3305,5027.84,5208.96
3306,5037.01,5176.98
3307,5022.91,5192.14
3308,5004.6,5174.74
3309,5016.69,5245.11
3310,5057.42,5171.56
3311,5015.41,5246.6
3312,5023.29,5196.38
3313,5027.4,5185.25
3314,5011.67,5245
3315,5064.17,5240.66
3316,5039.63,5184.4
3317,5063.64,5257.08
3318,5013.24,5241.76
3320,5034.67,5179.06
3321,5032.44,5184.95
3322,5071.13,5190.33
3323,5033.71,5199.82
3324,5055.92,5239.6
3325,5014.4,5242.27
3326,5028.74,5195.96
3327,5025.21,5190
3329,5030.4,5194.59
3330,5032.41,5183.24
3332,5035.07,5176.88
3333,5066.67,5252.24
3334,5010.74,5173.86
3335,5033.46,5184.15
3336,5072.97,5190.91
3337,5022.75,5187.06
3338,5011.5,5211.44
3339,5050.16,5239.95
3340,5020.42,5163.96
3341,5023.18,5185.2
3342,5030.37,5185.42
3343,5022.08,5161.86
3344,5034.42,5182.58
3345,5034.72,5186.85
3346,5020.82,5177.98
3347,5034.25,5180.19
3348,5051.69,5239.29
3349,5031.25,5200.13
3350,5033.29,5177.25
3351,5036.29,5182.4
3352,5043.04,5193.7
3353,5030.14,5182.66
3354,5093.07,5219.6
3356,5014.95,5172.49
3357,5035.12,5193.21
3358,5018.75,5194.16
3359,5016.42,5178.4
3360,5033.68,5185.12
3362,5053.95,5242.15
3363,5053.51,5239.16
3364,5050.12,5242.17
3365,5021.06,5188.45
3367,5045.89,5177.32
3368,5056.85,5195.08
3369,5019.17,5186.48
3370,5007.57,5182.51
3371,5015.33,5169.2
3372,5098.54,5231.36
3373,5025.24,5175.75
3374,5019.46,5195.12
3375,5037.95,5153.17
3376,5011.88,5215.09
3377,5038.05,5176.39
3378,5036.88,5178.34
3379,5020.81,5176.99
3380,5031.09,5192.6
3381,5038.45,5180.39
3382,5014.13,5246.12
3383,5025.57,5204.38
3384,5049.67,5242.78
3387,5051.35,5240.04
3388,5063.53,5248.87
3389,5015.75,5205.58
3390,5058.95,5243.39
3391,5036.34,5184.14
3392,5055.13,5256.82
3393,5026.09,5190.14
3394,5057.72,5248.44
3395,5023.92,5184.65
3396,5034.06,5175.55
3397,5033.2,5182.05
3398,5004.39,5172.4
3399,5050.8,5235.25
3400,5054.07,5247.04
3401,5010.72,5214.58
3402,5013.82,5202.98
3403,5029.27,5177.57
3405,5007.7,5174.6
3407,5094.01,5237.7
3408,5008.32,5223.96
3411,5031.59,5179.46
3413,5036.78,5261.28
3414,5062.44,5238.19
3415,5022.38,5176.87
3416,5038.98,5183.49
3417,5052.74,5241.42
3418,5030.66,5197.46
3419,5036.56,5183.09
3421,5029.99,5189.75
3422,5036.36,5178.9
3423,5013.2,5243.64
3424,5021.55,5208.39
3425,5013.73,5209.44
3426,5053.58,5240.63
3427,5012.35,5212.15
3428,5056.56,5261.02
3429,5020.29,5210.86
3430,5054.03,5249.88
3431,5031.54,5193.72
3432,4996.24,5144.04
3433,5053,5242.26
3434,5035.14,5180.64
3435,5050.54,5243.96
3436,5066.88,5234.93
2003,5156.86,4656.19
2031,5172.52,4654.16
2155,5167.95,4658.34
2185,5160.5,4665.65
2325,5170.16,4653.91
2330,5162.46,4661.72
1914,5203.38,4655.95
1915,5211.74,4620.98
1917,5159.09,4625.06
1918,5157.12,4628.17
1919,5200.58,4654.59
1921,5197.15,4656.08
1922,5209.51,4621.87
1923,5171.57,4654.19
1924,5178.53,4606.58
1925,5157.64,4629.46
1927,5201.38,4656.67
1928,5197.46,4660.49
1929,5157.13,4625.6
1930,5195.3,4630.9
1931,5199.25,4654.66
1933,5207.89,4618.07
1934,5202.95,4625.56
1935,5201.17,4655.58
1936,5203.03,4629.06
1937,5221.68,4614.98
1938,5159.45,4628.98
1942,5165.59,4624.4
1943,5161.01,4626.69
1944,5176.95,4652.36
1946,5157.82,4628.27
1949,5211.52,4623.33
1950,5209.1,4653.13
1952,5162.96,4647.47
1953,5161.04,4625.36
1956,5208.03,4590.11
1957,5203.63,4654.84
1958,5204.88,4656.63
1960,5199.93,4626.53
1961,5199.69,4599.83
1962,5157.01,4626.55
1963,5159.94,4623.65
1964,5179.03,4644.89
1965,5191.09,4636
1966,5160.9,4628.3
1968,5196.44,4656.34
1969,5176.53,4670.13
1970,5163.92,4653.91
1971,5157.42,4628.48
1974,5186.36,4636.46
1975,5198.07,4630.15
1977,5187.06,4642.28
1978,5204.24,4632.48
1979,5157.24,4626.04
1980,5202.06,4656.43
1981,5159.01,4653.67
1982,5170.69,4635.19
1983,5161.05,4628.08
1984,5157.03,4627.14
1985,5159.74,4630.99
1986,5159.11,4624.59
1987,5167.54,4653.07
1988,5174.7,4611.72
1989,5156.13,4628.52
1990,5204.34,4629.75
1992,5177.3,4599.54
1993,5160.62,4625.4
1996,5190.87,4598.33
1997,5157.33,4624.96
1999,5198.25,4658.89
2000,5202.64,4659.48
2005,5158.27,4629.01
2006,5202.61,4655.92
2008,5209.45,4629.08
2011,5200.87,4656.06
2012,5204.15,4661.58
2013,5202.64,4663.72
2014,5210.81,4654.2
2015,5219.99,4617.3
2016,5206.41,4657.02
2017,5196.73,4599.49
2019,5170.09,4623.17
2020,5158.79,4629.15
2021,5153.29,4624.44
2022,5199.21,4656.55
2023,5196.71,4626.71
2025,5204.04,4653.62
2029,5171.28,4651.8
2030,5156.91,4627.52
2033,5156.98,4626.93
2034,5210.89,4596.77
2035,5197.45,4625.46
2036,5178.56,4645.8
2037,5161.21,4625.8
2040,5158.84,4630.19
2041,5203.23,4600.95
2043,5158.55,4625.48
2044,5167.65,4627.61
2045,5160.39,4628.57
2046,5157.2,4628.74
2048,5170.82,4644.41
2049,5199.54,4628.69
2050,5205.1,4659.92
2051,5204.12,4610.51
2055,5157.4,4630.24
2056,5162.01,4625.3
2057,5164.44,4650.85
2058,5162.98,4628.31
2059,5157.21,4627.4
2060,5159.68,4630.37
2061,5202.61,4654.51
2063,5161.38,4628.11
2064,5160.9,4626.12
2066,5183.63,4651.12
2067,5167.39,4625.11
2069,5159.53,4629.15
2070,5204.22,4620.71
2073,5158.6,4628.46
2074,5158.27,4624.75
2075,5158.5,4652.46
2076,5177.29,4603.38
2077,5159.9,4624.45
2078,5157.84,4628.52
2079,5199.47,4568.2
2080,5192.4,4625.39
2082,5198.07,4622.45
2083,5156.6,4626.33
2084,5161.03,4628.57
2085,5181.85,4642.17
2086,5161.53,4626.77
2088,5158.15,4626.51
2089,5199.8,4621.76
2090,5160.88,4627.16
2091,5200.22,4627.54
2092,5166.11,4626.7
2093,5160.55,4625.39
2094,5206.77,4584.81
2095,5157.04,4628.02
2096,5155.12,4652.41
2097,5204.44,4655.32
2098,5156.82,4628.6
2099,5182.35,4643.01
2100,5207.19,4604.25
2103,5160.57,4625.87
2104,5160.07,4625.44
2105,5205.64,4617.15
2106,5214.86,4580.38
2107,5198.58,4628.31
2108,5156.76,4627.03
2109,5156.7,4627.62
2110,5158.24,4651.74
2112,5160.46,4625.18
2113,5207.36,4606.7
2114,5202.03,4627.98
2115,5156.84,4626.56
2118,5160.73,4626.96
2119,5202.34,4619.67
2120,5204.85,4619.84
2121,5160.34,4628.86
2122,5158.98,4624.35
2123,5160.55,4625.86
2124,5159.2,4624.9
2126,5199.52,4625.96
2129,5202,4622.77
2130,5207.8,4626.81
2131,5160.51,4628.1
2136,5159.25,4622.91
2139,5159.57,4625.05
2140,5157.12,4626.07
2141,5176.84,4653.25
2142,5159.77,4628.92
2145,5181.05,4645.71
2146,5204.93,4626.74
2147,5165.28,4625.29
2150,5159.76,4629.06
2152,5207.22,4625.31
2154,5160.57,4625.15
2156,5207.58,4623.13
2158,5203.31,4623.9
2159,5201.01,4655.07
2160,5206.7,4623.74
2161,5161.57,4653.59
2162,5200.64,4629.6
2164,5155.72,4626.59
2165,5156.66,4628.14
2166,5199.12,4633.41
2167,5206.39,4582.63
2168,5213.51,4578.43
2170,5175.65,4604.07
2172,5159.16,4625.06
2173,5203.93,4628.51
2175,5185.41,4645.61
2177,5152.77,4659.61
2178,5200.92,4594.17
2179,5158.42,4623.43
2181,5206.58,4622.03
2182,5183.14,4654.96
2184,5160.96,4628.21
2186,5179.7,4647.49
2188,5159.04,4625.36
2190,5156.84,4626.46
2192,5200.27,4655.48
2193,5197.1,4624.01
2195,5184.14,4566.06
2197,5198.77,4630.75
2200,5158.43,4624.94
2201,5157.55,4625.53
2202,5199.43,4655.97
2204,5215.91,4586.36
2205,5178.66,4652.53
2206,5159.38,4626.46
2207,5173.86,4607.22
2208,5161.57,4643.59
2209,5174.1,4654.11
2210,5159.4,4631.05
2211,5175.22,4649.38
2212,5157.1,4627.87
2213,5156.39,4625.41
2214,5179.54,4642.9
2216,5160.59,4624.87
2217,5205.87,4609.6
2218,5160.71,4627.98
2219,5188.88,4639.96
2220,5158.34,4625.14
2221,5158.85,4651.44
2222,5159.8,4651.21
2226,5169.36,4650.93
2227,5208.86,4614.43
2228,5196.05,4625.69
2229,5159.4,4629.39
2230,5189.06,4630.76
2231,5197.91,4627.2
2232,5170.49,4651.75
2233,5159.79,4630.3
2234,5168.03,4625.67
2235,5163.49,4651.87
2236,5200.17,4625.83
2237,5161.35,4625.76
2238,5207.76,4620.7
2240,5159.55,4628.87
2242,5172.07,4649.59
2243,5159.33,4652.81
2244,5159.45,4627.63
2245,5208,4586.27
2248,5204.36,4630.75
2249,5170.88,4649.15
2251,5210.43,4618.51
2252,5151.31,4658.85
2253,5161.24,4627.01
2255,5179.62,4600.57
2256,5188.77,4642.39
2257,5156.92,4626.05
2258,5160.63,4622.2
2259,5166.32,4648.06
2260,5203.1,4626.71
2261,5156.87,4626.17
2262,5168.88,4618.53
2263,5213.85,4607.11
2265,5184.88,4642.69
2269,5203.17,4569.55
2270,5179.11,4654.8
2271,5157.85,4628.75
2272,5173.87,4650.33
2274,5156.47,4654.18
2275,5157.43,4626.08
2276,5156.63,4627.26
2277,5195.48,4632.66
2278,5159.64,4629.39
2280,5162.78,4652.23
2281,5205.53,4587.12
2286,5200.03,4631.75
2287,5161.95,4629.53
2288,5170.19,4633.45
2290,5158.06,4625.2
2291,5179.05,4643.92
2296,5175.17,4647.3
2297,5200.8,4656.75
2299,5156.77,4626.76
2300,5162.12,4626.85
2301,5205.73,4593.88
2303,5167.29,4626.69
2304,5161.6,4654.44
2305,5167.27,4650.17
2306,5161.45,4627.98
2307,5157.66,4624.64
2308,5161.2,4626.56
2309,5160.38,4628.84
2310,5173.11,4651.4
2311,5161.7,4622.77
2312,5175.46,4663.6
2313,5194.36,4625.7
2314,5201.56,4631.99
2316,5196.8,4616.82
2317,5199.65,4623.34
2318,5174.6,4651.12
2320,5176.27,4599.47
2321,5199.91,4602.95
2322,5185.27,4639.71
2323,5157.16,4627.71
2324,5159.21,4629.28
2326,5159.66,4624.83
2329,5157.36,4629.09
2331,5157.08,4626.98
2334,5161.4,4628.44
2335,5199.23,4630.13
2339,5160.79,4625.77
2340,5157.55,4627.03
2341,5204.52,4625.48
2342,5198.48,4620.75
2345,5169.47,4648.36
2346,5203.98,4656.23
2348,5158.79,4629.06
2349,5175.71,4602.25
2350,5165.34,4631.48
2352,5157.54,4625.17
2353,5156.71,4624.2
2354,5161.14,4626.73
2356,5160,4625.1
2357,5209.87,4626.24
2358,5190.86,4630.64
2359,5158.26,4624.49
2360,5206.33,4618.1
2361,5198.03,4627.93
2362,5175.91,4653.53
2363,5158.66,4624.99
2365,5199.76,4657.27
2366,5176.85,4646.63
2367,5169.71,4651.59
2369,5158.09,4628.77
2370,5160.9,4625.74
2371,5198.04,4626.11
2373,5204.86,4621.75
2374,5157.51,4625.55
2375,5210.4,4604.15
2376,5161.06,4626.21
2379,5169.93,4650.63
2380,5201.89,4605.64
2381,5157.49,4628.39
2382,5199.97,4583.58
2383,5165.53,4622.04
2386,5160.09,4624.71
2387,5165.4,4628.83
2388,5213.6,4619.64
2390,5157.96,4652.95
2391,5163.32,4625.14
2392,5160.62,4629.94
2393,5166.86,4624.25
2395,5159.75,4629.19
2396,5161.29,4653.2
2397,5200.81,4626.44
2400,5172.15,4663.21
2401,5173.93,4611.04
2402,5199.57,4618.7
2403,5202.66,4630.8
2404,5159.89,4624.8
2405,5206.42,4626.81
2406,5177.58,4647.12
2407,5160.43,4624.02
2408,5160.88,4625.49
2409,5160.61,4627.36
2410,5160.61,4628.35
2411,5199.31,4627.62
2412,5205.31,4623.13
2414,5158.66,4628.97
2415,5157.37,4653.34
2416,5174.5,4652.56
2418,5158.64,4624.26
2421,5211.89,4586.85
2422,5208.85,4602.2
2423,5157.29,4625.61
2424,5211.12,4625.06
2425,5173.78,4649.62
2426,5173.57,4606.28
2427,5164.88,4633.62
2428,5161.12,4627.05
2429,5161.86,4631.06
2430,5161.37,4626.26
2431,5215.69,4605.69
2432,5158.49,4649.63
2433,5159.71,4624.7
2434,5160.05,4655.29
2435,5205.01,4658.93
2437,5215.11,4584.48
2438,5159.97,4652.69
2439,5210.63,4605.7
2440,5196.54,4627.97
2441,5210.79,4601.01
2442,5161.73,4597.67
2443,5171.59,4622.48
2444,5175.71,4600.23
2446,5161.14,4626.17
2448,5198.26,4623.48
2449,5165.21,4630.14
2450,5206.03,4607.72
2452,5180.43,4655.8
2453,5180.6,4638.37
2454,5166.92,4619.74
2455,5208.1,4624.97
2456,5202.2,4603.47
2457,5194.22,4566.18
2460,5161,4627.58
2462,5158.85,4630.94
2464,5157.15,4627.61
2466,5177.28,4604.67
2467,5156.6,4626.78
2469,5157.52,4628.85
2470,5196.02,4569.39
2473,5169.27,4653
2474,5196.81,4630.43
2476,5166.07,4625.68
2477,5159.17,4623.99
2478,5163.47,4627.62
2479,5158,4653.74
2480,5173.92,4653.26
2481,5209.53,4582.54
2482,5161.37,4627.44
2483,5182.21,4573.3
2484,5156.96,4625.18
2485,5157.25,4625.49
2486,5174.73,4603.04
2487,5206.56,4587.58
2488,5200.04,4624.37
2489,5161.9,4627.63
2490,5175.38,4607.5
2492,5158.65,4628.72
2493,5181.28,4661.5
2495,5156.8,4625.96
2497,5201.88,4629.35
2499,5161.5,4624.69
2500,5157.95,4625.19
2503,5202.91,4632.74
2504,5159.46,4624.47
2505,5188.36,4628.61
2506,5158.04,4629.78
2507,5160.91,4626.1
2513,5176.39,4602.85
2514,5184.36,4649.56
2515,5174.57,4599.79
2517,5188.15,4649.28
2518,5161.39,4651.28
2520,5160.32,4625.5
2521,5160.45,4628.84
2522,5164.75,4647.44
2523,5196.79,4629.35
2524,5151.42,4633.52
2525,5173.26,4652.94
2526,5161.08,4628.4
2527,5180.86,4582.21
2528,5214.07,4605.1
2531,5175.91,4659.48
2532,5157.19,4624.56
2534,5203.35,4631.85
2535,5205.8,4592.1
2536,5156.58,4630.57
2537,5162.28,4653.84
2539,5158.57,4624.47
2540,5191.4,4633.22
2541,5202.33,4583.43
2545,5168.39,4611.06
2546,5158.15,4624.79
2548,5209.03,4605.31
2549,5158.72,4624.71
2550,5161.1,4627.92
2551,5158,4629.05
2552,5157.63,4624.25
2553,5159.29,4624.69
2554,5155.85,4625.74
2556,5161.53,4627.11
2557,5175.31,4651.87
2558,5207,4609.64
2559,5157.68,4628.78
2560,5159.25,4629.24
2561,5160.19,4629.01
2562,5202.89,4622.42
2563,5156.11,4627.17
2564,5159.83,4625.28
2565,5191.76,4599.55
2566,5178.7,4646.77
2568,5151.09,4652.07
2569,5191.18,4568.32
2570,5203.22,4616.25
2572,5161.83,4647.15
2573,5158.65,4629.12
2574,5155.89,4626.16
2575,5157.94,4628.98
2576,5163.79,4624.07
2577,5202.35,4621.29
2578,5161.11,4627.62
2579,5156.74,4628.38
2580,5206.46,4632.01
2581,5175.46,4639.38
2584,5170.82,4620.97
2585,5201.79,4654.3
2586,5157.65,4628.14
2587,5208.78,4620.66
2590,5157.6,4626.05
2591,5156.29,4624.85
2593,5157.1,4626.72
2595,5183.94,4573.67
2596,5188.31,4566.08
2599,5163.46,4665.21
2600,5158.31,4629.12
2601,5158.92,4629.29
2602,5159.63,4628.97
2603,5161.8,4652.97
2604,5159.57,4628.46
2606,5155.4,4627.78
2607,5159.36,4628.36
2610,5174.76,4653.39
2611,5160.22,4629.04
2612,5177.53,4648.1
2613,5157.15,4620.39
2614,5199.35,4616.92
2615,5157.07,4628.12
2618,5198.82,4622.25
2619,5157.37,4628.46
2620,5200.01,4656.27
2621,5213.27,4604.01
2622,5173.33,4605.22
2623,5160.71,4629.17
2624,5160.22,4628.48
2625,5157.83,4625.53
2626,5204.72,4654.52
2627,5199.56,4655.39
2628,5198.65,4624.45
2630,5156.84,4627.5
2631,5161.86,4626.54
2632,5203.72,4608.41
2633,5202.31,4654.97
2634,5206.82,4596.05
2637,5173.68,4652.16
2638,5157.95,4625.04
2639,5201.08,4659.51
2641,5175.52,4656.78
2644,5201.44,4624.67
2645,5202.15,4657.71
2646,5161.73,4627.46
2648,5201.94,4655.61
2650,5176.9,4600.71
2651,5184.88,4635.82
2652,5157.93,4654.33
2654,5157.64,4625.21
2655,5158.76,4624.78
2656,5195.21,4627.08
2657,5202.88,4655.4
2658,5200.84,4653.9
2659,5202.21,4648.13
3438,4423.5,5336.04
3439,4381.92,5400.37
3441,4338.93,5368.17
3442,4388.11,5367.63
3443,4368.02,5338.98
3444,4388.35,5313.89
3445,4353.46,5376.42
3446,4333.9,5357.91
3447,4329.06,5361.26
3448,4423.11,5334.57
3449,4426.8,5333.89
3450,4411.18,5333.95
3451,4331.49,5382.04
3452,4413.25,5337.98
3453,4343.67,5394.15
3455,4390.88,5364.74
3457,4417.65,5348.73
3458,4354.55,5348.5
3459,4363.55,5352.6
3460,4367.77,5341.94
3461,4419.38,5346.11
3462,4415.35,5338.93
3463,4361.97,5342.6
3464,4371.28,5341.94
3465,4368.55,5387.45
3466,4368.84,5342.23
3467,4416.77,5358.21
3468,4363.86,5347.88
3469,4372.76,5341.05
3470,4393.99,5360.46
3471,4418.63,5338.68
3472,4392.99,5369.83
3473,4350.83,5380.24
3474,4373.74,5343.06
3475,4419.41,5337.58
3476,4367.54,5386.32
3477,4407.78,5346.16
3478,4376.79,5378.46
3479,4409.13,5373.12
3480,4424.66,5337.1
3481,4408.73,5371.42
3482,4392.2,5370.75
3483,4363.19,5343.25
3484,4415.65,5342.05
3485,4412.76,5339.24
3486,4357.17,5345.33
3488,4415.23,5336.9
3489,4354.77,5363.98
3490,4334.73,5359.01
3491,4424.27,5334.26
3492,4422.72,5341.73
3493,4354.24,5349.33
3494,4365.11,5359.99
3496,4417.43,5330.41
3497,4411.92,5337.48
3498,4385.24,5363.7
3499,4364.79,5349.42
3500,4376.79,5376.74
3502,4411.3,5366.23
3503,4408.48,5335.69
3504,4435.84,5302
3505,4394.19,5366.48
3506,4358.72,5345.57
3507,4361.87,5336.82
3508,4386.44,5373.06
3509,4356.19,5344.05
3510,4369.46,5341.36
3511,4367.48,5336.91
3512,4419.69,5343.58
3513,4384.49,5399.9
3514,4415.95,5335.59
3515,4365.1,5335.21
3516,4408.48,5372.27
3518,4413.83,5336.27
3519,4368.86,5385.55
3520,4416.59,5345.01
3521,4399.92,5357.8
3522,4428.3,5344.27
3523,4411.88,5372.47
3524,4364.76,5348.44
3526,4399.03,5358.36
3527,4414.59,5337.37
3528,4413.18,5336.7
3529,4366.86,5342.81
3530,4427.98,5292.26
3531,4336.77,5358.75
3532,4370.61,5349.59
3533,4425.64,5341.46
3534,4365.91,5349.9
3535,4365.78,5351.25
3536,4336.41,5364.46
3537,4365.56,5381.61
3538,4350.33,5378.14
3539,4364.15,5338.74
3541,4353.08,5381.61
3542,4411.61,5338.73
3543,4403.97,5340.29
3544,4398.56,5333.65
3545,4419.89,5335.13
3546,4333.42,5362.77
3547,4411.3,5342.75
3548,4415.36,5350.61
3549,4339.61,5355.64
3551,4442.06,5287
3552,4426.26,5344.05
3553,4391.63,5366.21
3554,4370.54,5338.73
3555,4366.85,5340.91
3557,4414.74,5333.87
3558,4358.84,5347.08
3559,4413.39,5340.67
3560,4404.76,5360.27
3562,4410.84,5372.71
3563,4425.33,5338.14
3564,4365.71,5352.49
3565,4402.5,5348.67
3566,4404.85,5305.52
3567,4353.57,5379.34
3568,4366.48,5349.01
3569,4357.99,5346.08
3570,4334.92,5383.58
3571,4367.46,5389.37
3572,4352.63,5346.19
3573,4417.95,5340.69
3574,4412.54,5332.45
3575,4408.93,5324.49
3576,4415.87,5334.89
3578,4416.79,5333.12
3579,4367.68,5387.51
3580,4330.23,5360.15
3581,4408.89,5375.84
3582,4362.29,5328.44
3583,4370.61,5347.03
3584,4359.77,5347.97
3585,4332.25,5359.56
3587,4375.34,5378.09
3588,4390.8,5377.98
3589,4426.01,5366.05
3590,4389.95,5361.91
3591,4356.35,5342.93
3593,4360.26,5346.26
3594,4411.23,5373.88
3595,4352.29,5381.07
3596,4420.05,5333.76
3597,4394.36,5378.09
3598,4392.9,5372.29
3599,4387.55,5364.94
3600,4385.67,5335.23
3601,4367.43,5347.3
3602,4368.71,5340.54
3603,4409.85,5331.9
3604,4411.39,5335.62
3605,4416.03,5333.02
3606,4336.76,5366.99
3607,4384.39,5377.05
3608,4384.1,5364.49
3610,4400.49,5345.79
3611,4418.11,5335.65
3612,4373.16,5351.43
3613,4410.07,5373.4
3614,4362.24,5354.11
3615,4383.3,5368.27
3616,4381.33,5397.82
3617,4368.63,5346.42
3618,4429.12,5335.36
3619,4401,5329.06
3620,4355.58,5349.51
3622,4364.55,5352.63
3623,4361.85,5350.47
3624,4333.5,5360.95
3625,4427.18,5335.17
3627,4410.16,5336.91
3628,4363.33,5372.36
3629,4389.69,5364.01
3630,4369.38,5337.86
3631,4351.64,5350.21
3632,4378.16,5389.43
3634,4369.27,5339.65
3635,4412.92,5335.54
3636,4385.98,5364.77
3637,4404.68,5349.58
3638,4381.96,5396.59
3639,4409.16,5370.28
3640,4414.23,5334.58
3641,4373.58,5375.69
3642,4416.75,5331.97
3643,4355.09,5346.63
3644,4389.39,5373.1
3645,4370.12,5348.87
3646,4355.95,5351.02
3647,4379.95,5397.06
3648,4355.21,5350.7
3649,4409.9,5371.48
3650,4333.43,5387.06
3652,4357.54,5360.04
3653,4371.01,5396.92
3654,4420.27,5332.72
3655,4374.74,5376.66
3656,4429.83,5333.34
3657,4353.98,5380.56
3658,4410.73,5334.65
3659,4411.77,5348.08
3660,4393.71,5340.4
3661,4413.28,5353.65
3662,4340.02,5357.73
3663,4387.29,5368.85
3664,4374.67,5381.46
3665,4355.97,5361.84
3666,4387.46,5361.81
3667,4428.08,5335.55
3668,4372.14,5339.45
3669,4412.87,5365.24
3670,4413.83,5332.5
3671,4358.72,5339.87
3672,4418,5337.14
3673,4403.75,5315.3
3675,4366.2,5387.27
3676,4353.45,5363.21
3678,4371.73,5363.24
3679,4330.86,5363.15
3680,4361.64,5345.24
3681,4407.48,5338.12
3682,4336.62,5360.56
3683,4425.73,5332.16
3685,4392.21,5369.5
3686,4401.51,5332.61
3687,4416.7,5335.17
3688,4430.47,5356.86
3689,4425.88,5359.01
3690,4361.38,5345.83
3691,4403.96,5358.77
3693,4425.97,5330.88
3694,4369.4,5366.12
3695,4410.97,5371.75
3696,4374.38,5378.62
3697,4424.62,5336.15
3698,4390.54,5370.43
3699,4380.42,5404.38
3700,4411.36,5364.82
3701,4365.59,5388.39
3702,4416.55,5336.65
3703,4422.22,5338.43
3704,4391.9,5343.83
3705,4373.75,5358.48
3706,4358.88,5343.49
3707,4411.63,5336.55
3708,4369.21,5388.65
3709,4342.35,5397.68
3710,4388.37,5364.51
3711,4356.27,5348.47
3712,4427.72,5339.3
3713,4387.05,5364
3714,4358.66,5344.3
3715,4384.38,5367.17
3716,4380.83,5399.34
3717,4405.78,5362.91
3718,4356.07,5347.53
3719,4360.37,5349.38
3720,4374.61,5394.71
3722,4390.49,5363.44
3724,4363.45,5334.35
3725,4351.79,5379.9
3726,4373.13,5336.22
3727,4337.96,5365.59
3728,4388.22,5365.78
3729,4354.19,5404.62
3730,4412.22,5335.19
3731,4414.83,5334.75
3732,4387.62,5347.63
3733,4394.29,5308.35
3734,4425.83,5333.46
3735,4387.48,5366.55
3736,4423.47,5339.29
3737,4417.11,5336.89
3738,4370.19,5340.18
3739,4352.71,5378.33
3740,4386.31,5366.25
3742,4390.46,5310.83
3743,4352.04,5379.09
3744,4405.34,5364.53
3745,4338.87,5364.29
3746,4346.27,5399.57
3747,4380.57,5375.08
3748,4349.21,5402.82
3749,4371.99,5398.56
3751,4372.36,5401.56
3752,4371.1,5337.55
3753,4390.02,5365.3
3754,4362.72,5337.8
3755,4418.43,5329.32
3757,4368.11,5388.58
3758,4362.33,5347.88
3759,4368.26,5383.8
3760,4420.23,5339.67
3761,4370.56,5341.31
3762,4414.29,5339.04
3763,4362.36,5356.51
3764,4368.17,5347.77
3765,4412,5352.28
3766,4377.76,5379.79
3767,4371.86,5348.44
3768,4363.42,5347.13
3769,4391.76,5363.77
3770,4372.14,5345.06
3771,4342.83,5356.29
3772,4413.85,5347.69
3773,4392.69,5365.4
3774,4366.91,5388.38
3775,4399.62,5335.87
3776,4377.56,5377.69
3777,4367.71,5344.97
3778,4393.56,5364.91
3780,4423.4,5327.94
3781,4348.65,5336.81
3782,4363.83,5349.96
3783,4376.06,5379.75
3784,4365.19,5345.49
3785,4413.69,5333.39
3786,4361.36,5348.6
3787,4374.91,5399.35
3788,4422.71,5331.1
3789,4370.77,5399.8
3790,4414.59,5335.52
3791,4377.7,5376.91
3792,4351.35,5348.22
3793,4360.66,5347.69
3794,4359.31,5345.21
3795,4426.39,5348.68
3796,4426.75,5342.16
3798,4336.18,5391.02
3799,4383.83,5390.25
3800,4419.06,5334.75
3801,4362.29,5383.71
3802,4385.83,5368.69
3803,4364.17,5344.21
3804,4415.22,5336.12
3805,4423.75,5350.79
3806,4328.12,5363.53
3807,4366.54,5405.54
3808,4383.04,5327.5
3809,4374.82,5379.87
3810,4359.18,5349.2
3811,4332.57,5368.91
3812,4341.73,5360.55
3813,4409.95,5364.69
3814,4335.66,5357.63
3815,4386.23,5367.18
3816,4355.67,5366.8
3817,4421.81,5337.24
3818,4361.92,5352.1
3819,4351.94,5377.23
3820,4357.84,5406.19
3821,4365.92,5348.41
3822,4356.37,5345.5
3823,4362.55,5340.42
3824,4418.44,5334.96
3825,4367.29,5351.58
3826,4357.39,5344.65
3827,4395.05,5369.82
3828,4418.49,5332.29
3829,4367.81,5342.82
3831,4421.02,5340.32
3832,4408.22,5341.75
3833,4356.96,5346.36
3834,4367.11,5354.61
3835,4386.79,5365.28
3836,4367.88,5382.09
3837,4367.99,5384.9
3838,4417.06,5335.93
3839,4421.82,5326.05
3840,4393.64,5368.84
3841,4427.03,5333.04
3842,4425.52,5335.71
3843,4368.87,5352.2
3844,4383.95,5396.18
3845,4416.67,5338.14
3846,4347.36,5398.06
3847,4411.73,5346.45
3848,4381.13,5394.65
3849,4387.22,5313.14
3850,4391.55,5368.11
3852,4421.33,5335.9
3853,4337.54,5387.25
3854,4367.22,5399.93
3855,4353.08,5344.63
3856,4340.32,5390.82
3857,4351.8,5382.2
3858,4417.6,5334.03
3859,4381.55,5330.91
3860,4417.05,5334.39
3862,4388.44,5366.64
3863,4333.73,5359.82
3864,4412.34,5363.88
3865,4390.19,5375.42
3866,4362.84,5349.21
3867,4385.11,5364.97
3868,4352.77,5379.85
3869,4363.1,5345.17
3870,4360.01,5344.29
3871,4348.76,5378.19
3873,4426.35,5334.53
3874,4351.38,5378.21
3875,4353.14,5388.65
3876,4393.14,5363.19
3878,4360.05,5352.52
3879,4365.19,5398.43
3880,4413.63,5328.12
3881,4365.53,5347.46
3882,4346.85,5341.55
3883,4409.79,5372.36
3884,4421.17,5334.83
3885,4355.04,5392.96
3887,4361.62,5377.06
3888,4421.18,5344.58
3889,4424.67,5330.31
3890,4356.96,5335.99
3891,4414.23,5340.15
3892,4350.69,5381.22
3893,4369.4,5361.17
3894,4329.66,5362.71
3895,4366.79,5344.32
3896,4355.18,5345.46
3897,4409.03,5358.84
3898,4410.5,5370.6
3899,4365.44,5390.6
3900,4358.4,5345.06
3901,4376.84,5382.87
3902,4417.48,5338.41
3903,4353.21,5348.52
3904,4378.59,5323.86
3905,4331.69,5358.4
3906,4360.96,5346.81
3907,4384.46,5366.19
3908,4413.68,5350.5
3909,4359.8,5342.39
3910,4361.53,5390.5
3911,4410.77,5363.5
3912,4350.85,5379.23
3913,4412.18,5334.16
3914,4379.11,5348.55
3915,4373.46,5341.57
3916,4420.55,5353.86
3917,4349.82,5379.86
3918,4375.1,5388.23
3919,4411.75,5370.83
3920,4374.23,5377.47
3921,4385.38,5366.19
3922,4333.57,5373.57
3923,4373.19,5399.1
3924,4357.51,5347.5
3925,4442,5279.01
3926,4417.46,5336.37
3927,4369,5345.75
3928,4407.52,5349.08
3929,4428.26,5337.44
3930,4416.55,5339.24
3931,4363.83,5350.89
3932,4382.75,5398.97
3933,4376,5375.81
3934,4413.85,5344.03
3935,4339.25,5394.52
3936,4394.76,5372.93
3937,4365.96,5341.42
3938,4422.71,5334.08
3939,4329.14,5367.94
3940,4409.74,5341.1
3941,4387.43,5351.89
3942,4376.41,5322.78
3944,4419.54,5341.38
3945,4369.18,5342.93
3946,4349.8,5335.5
3947,4359.78,5347.39
3949,4335.99,5362.85
3950,4423.48,5344.5
3951,4356.13,5346.5
3952,4386.15,5398.41
3953,4395.45,5345.46
3954,4392.56,5309.1
3955,4345.58,5344.32
3956,4369.53,5343.74
3957,4371.33,5385.22
3958,4356.54,5339.86
3959,4388.44,5332.25
3960,4375.9,5377.32
3963,4328.61,5365.92
3964,4375.72,5371.68
3965,4362.95,5392.78
3966,4419.02,5335.78
3967,4375.05,5372.9
3968,4427.82,5334.16
3969,4354.72,5347.42
3970,4409.45,5327.33
3971,4425.22,5334.36
3972,4370.87,5339.57
3973,4357.01,5352.89
3974,4352.29,5401.27
3975,4369.45,5387.76
3976,4353.99,5344.13
3977,4385.51,5371.88
3978,4400.14,5343.04
3979,4422.13,5347.73
3981,4508.15,4181.56
3982,4504.48,4184.86
3983,4497.38,4174.47
3984,4489.52,4166.32
3985,4502.69,4190.72
3986,4499.95,4182.79
3987,4506.08,4163.17
3988,4500.84,4186.39
3990,4499.32,4164.27
3991,4527.55,4233.18
3992,4496.48,4177.6
3993,4501.45,4189.84
3994,4508.05,4182.95
3995,4502.73,4188.43
3996,4512.22,4181.05
3997,4505.69,4183.12
3998,4506.79,4182.82
3999,4504.6,4173.24
4000,4498.62,4181.68
4001,4492.51,4168.96
4002,4513.76,4198.21
4003,4507.41,4186.4
4004,4510.63,4200.73
4005,4505.91,4174.67
4006,4504.32,4196.04
4007,4498.22,4165.58
4008,4487.57,4175.34
4009,4506.8,4184.23
4010,4490.37,4172.92
4012,4504.94,4164.7
4013,4520.43,4217.98
4014,4505,4188.38
4015,4487.54,4170.32
4016,4498.04,4163.06
4017,4499.86,4180.31
4018,4508.91,4184
4019,4505.37,4180.71
4020,4513.06,4202.25
4021,4502.08,4183.19
4022,4502.41,4160.56
4023,4510.47,4192.92
4024,4492.49,4163.19
4025,4496.94,4164.38
4026,4501.5,4181.87
4027,4513.12,4204.7
4028,4511.62,4173.97
4029,4494.34,4169.26
4030,4504.7,4186.29
4032,4507.32,4195.75
4033,4495.02,4180.1
4034,4513.34,4184.4
4035,4509.31,4165.76
4036,4503.63,4169.75
4037,4507.1,4190.13
4038,4517.44,4212.17
