2,3148.18,4142.69
1,3150.26,4157.52
4,3157.25,4173.43
5,3148.24,4154.86
3,3151.41,4124.14
7,3146.1,4134.43
6,3162.18,4106.45
9,3151.96,4113.58
8,3173.06,4191.1
10,3151.31,4172.58
15,3166.59,4190.18
11,3140.77,4148.71
12,3181.24,4093.45
14,3166.53,4095.76
13,3139.75,4122.89
18,3189.15,4200.06
23,3182.98,4200.65
16,3149.02,4099.15
17,3139.21,4170.31
26,3160.7,4196.67
19,3125.3,4136.62
22,3189.43,4083.99
29,3208.98,4089.1
20,3129.94,4105.6
21,3167.89,4079.81
34,3179.23,4206.19
24,3141.71,4079.25
30,3117.76,4167.31
31,3145.3,4198.27
183,3199.12,4205.54
327,3204.89,4203.67
25,3112.64,4111.39
27,3102.5,4129.79
28,3115.68,4085.67
33,3164.89,4056.73
39,3198.57,4066.76
46,3215.61,4081.42
272,3195.34,4210.67
37,3126.52,4051.1
32,3094.88,4100.08
50,3168.47,4219.12
64,3180.57,4217.8
35,3082.24,4117.1
38,3087.61,4145.61
36,3092.71,4068.56
148,3229.24,4095.71
282,3231.71,4092.27
41,3098.96,4182.16
43,3131.55,4206.79
69,3160.2,4226.8
40,3068.59,4089
48,3161.05,4026.17
57,3196.37,4040.42
2142,3194.73,4219.07
42,3063.18,4120.9
44,3090.37,4033.36
45,3064.5,4054.01
52,3122.69,4010.81
47,3066.76,4154.94
157,3227.45,4054.71
172,3230.44,4073.33
49,3046.07,4069.26
51,3041.49,4093.7
59,3078.24,4194.19
66,3117.95,4221.52
53,3038.16,4124.35
100,3155.46,4241.46
54,3056.55,4021.61
58,3082.88,3996.62
55,3036.9,4044.01
1791,3236.35,4085.56
62,3040.46,4160.46
73,3160.7,3990.55
84,3197.87,4010.9
56,3023.67,4066.4
143,3187.72,4232.68
151,3182.49,4239.09
60,3014.58,4092.07
76,3117.67,3970.26
65,3008.32,4122.85
61,3024.64,4015.26
67,3043.81,3988.72
63,3010.34,4038.99
68,2997.64,4060.66
173,3230.52,4030.89
77,3069.43,3958.02
83,3050.83,4204.03
93,3100.68,4239
72,2983.82,4083.87
71,2995.85,4013.38
74,3008.43,3986.82
79,3006.66,4160.29
70,2988,4035.27
4561,3198.19,4229.93
80,2972.19,4114.62
128,3149.04,4261.6
81,3024.48,3956.76
75,2970.77,4047.43
216,3184.49,4251.88
78,2970.52,4016.72
82,2977.79,3988.98
87,2945.23,4064.9
107,3164.58,3950.73
110,3202.76,3978.15
85,2987.91,3960.24
86,2945.09,4023.3
103,3108.5,3918.44
91,3042.31,3920.77
88,2950.8,3993.06
97,2964.29,4152.39
101,3009.98,4205.15
94,2930.93,4102.16
90,2998.37,3929.03
89,2957.73,3965.67
126,3075.04,4261.81
200,3237.69,4002.97
95,2964.62,3936.85
96,2924.08,3993.64
98,2914.72,4024.59
99,2904.83,4057.75
92,2934.71,3971.59
102,2935.11,3945.51
105,2972.08,3909.99
111,3002.49,3892.94
120,3053.59,3872.97
104,2911.09,3962.05
160,3139.12,4286.57
112,2889.15,4085.93
115,2915.81,4136.12
108,2940.69,3913.52
106,2893.58,3988.35
123,2956.25,4193.9
109,2881.24,4019.96
114,2873.56,4048.58
1759,3195.72,4275
136,3012.96,4255.5
113,2906.62,3925.88
137,3125,3855.65
147,3189.35,3904.37
116,2877.89,3949.21
118,2958.16,3881.02
117,2858.23,3981.84
141,3210.79,3946.68
122,2912.15,3884.95
119,2848.3,4018.94
232,3246.69,3971.04
130,2993.65,3847.45
121,2850.26,4060.1
124,2865.47,4109.75
125,2868.02,3902.71
133,2894.86,4170.83
127,2835.34,3936.34
129,2818.85,3979.43
132,2932.01,3840.91
131,2813.66,4024.01
154,3052.41,3806.41
134,2817.45,4072.66
135,2872.01,3848.71
145,2945.58,4240.63
142,2831.27,4131.3
140,2809.29,3873.68
174,3081.09,4316.66
209,3136.46,4321.27
138,2785.39,3933.07
1571,3191.01,4300.47
139,2777.92,3983.35
146,2966.54,3794.18
144,2775.19,4029.64
153,2893.58,3792.47
164,2860.73,4210.98
150,2774.86,4080.2
156,2821.71,3800.44
177,3015.65,4311.13
179,3143.34,3792.81
194,3205.09,3842.8
152,2737.25,3944
155,2739.25,3883.16
149,2742.96,3990.65
159,2748.24,3813.41
227,3252.2,3933.24
162,2780.18,4141.57
1968,3197.34,4244.72
4595,3204.72,4241.06
158,2730.28,4026.88
186,2938.79,4298.23
165,2926.5,3737.68
167,3004.52,3743.71
301,3261,3887.01
4646,3249.43,4105.83
161,2700.07,3969.89
166,2720.77,4078.17
4363,3202.82,4253.85
163,2683.46,3904.99
168,2846.75,3736.02
190,3082.8,3741.62
169,2677.06,3831.5
171,2764.89,3740.94
4437,3257.17,4051.05
4544,3252.95,4069.42
170,2673.83,4012.52
176,2681.97,3752.83
1466,3187.73,4329.6
175,2638.45,3940.89
178,2715.82,4138.89
182,2783.43,4208.17
180,2614.03,3861.64
201,2856.63,4283.43
184,2883.85,3676.19
188,2967.24,3686.77
181,2655.65,4068.24
195,3034.52,3699.06
189,2794.09,3671.44
187,2600.35,3774.55
185,2603.56,3990.98
192,2700.85,3673.89
4620,3253.03,4085.5
3765,3267.7,4029.22
284,3098.04,4376.49
1290,3153.61,4368.84
191,2561.23,3905.92
193,2604.91,3684.59
239,3022.74,4374.95
196,2646.52,4133.65
198,2714.13,4202.17
226,3166.17,3730.04
256,3230.58,3784.18
197,2528.69,3813.06
199,2579.21,4054.52
210,2778.59,4269.67
4657,3211.26,4211.83
4668,3214.72,4206.51
203,2837.42,3606.33
208,2934.61,3622.04
202,2518.57,3963.87
231,2936.78,4364.57
205,2500.06,3705.15
219,3022.53,3645.48
206,2734.62,3597.99
221,3098.16,3681.41
204,2469.37,3865.73
207,2628.73,3597.83
212,2521.77,3605.09
1246,3282.87,3836.65
213,2650.73,4204.82
214,2569.35,4132.16
211,2431.85,3766.3
217,2715.24,4255.9
215,2487.23,4037.74
2122,3281.52,4001.54
230,2846.79,4345.87
220,2416.11,3928.35
224,2784.22,3526.89
236,2896.58,3546.55
222,2364.59,3817.37
218,2399.88,3683.19
223,2417.2,3610.47
228,2666.09,3514.1
229,2547.92,3513.39
250,3003.01,3574.28
1588,3186.97,4358.54
240,2760.66,4319.94
225,2333.13,3714.3
233,2435.78,3520.8
237,2587.05,4222.51
243,2677.62,4280.75
244,2470.87,4138.55
234,2374.57,4008.49
4562,3215.63,4268.3
235,2321.42,3620.83
259,3100.22,3612.96
242,2287.23,3876.93
289,3184.89,3663.09
238,2254.45,3753.04
241,2328.37,3529.13
249,2723.62,3437.5
261,2850.23,3461.66
245,2231.01,3645.94
1271,3259.05,3720.95
1815,3310.36,3926.84
1897,3295.86,3967.42
253,2580.99,3413.4
246,2457.87,3431.13
278,2824.22,4401.53
331,2929,4432.75
1018,3031.68,4448.17
247,2345.28,3437.18
254,2254.07,3974.2
257,2336.79,4094.67
248,2223.1,3543.05
290,2972.86,3491.26
267,2528.5,4261.12
269,2630.71,4315.96
251,2173.6,3784.87
252,2141.55,3679.48
1383,3120.31,4446.44
275,2726.69,4362.98
255,2231.4,3443.83
260,2177.68,3872.11
271,2417.72,4211.96
258,2116.59,3565.74
264,2471.02,3353.76
266,2369.78,3350.08
268,2252.19,3349.64
262,2113.97,3454.03
280,2665.77,3341.17
306,2797.5,3370.4
355,3093.81,3531.01
263,2111.25,3803.46
265,2073.66,3724.46
270,2004.3,3603.51
285,2537.82,3304.83
274,2148.61,3937.75
283,2204.11,4054.74
273,2129.3,3351.24
1718,3328.46,3785.82
296,2304.26,4179.11
276,1989.73,3469.3
1036,3200.94,3586.27
277,2095.75,3855.48
376,2929.53,3400.48
286,1997.67,3352.05
279,2040,3780.77
295,2412.04,3271.42
281,1975.62,3695.31
291,2283.76,3259.07
314,2484.88,4315.94
325,2585,4359.95
294,2157.31,3258.02
4694,2684.73,4406.17
292,1887.09,3606.93
293,1850.03,3483.87
323,2386.17,4281.01
4644,3209.11,4219.05
299,2027.04,3251.13
287,2075.55,3899.79
303,2088.83,3969.69
412,2787.24,4450.57
298,1859.86,3357.33
288,2025.81,3839.03
1062,2899.79,4493.51
297,1962.46,3767.2
332,2615.05,3245.66
410,2742.64,3277.72
300,1890.6,3689.36
4632,3251.67,4097.86
315,2111.25,4058.37
338,2189.42,4168.34
1749,3199.41,4435.66
333,2485.09,3205.74
313,1869.94,3230.21
302,2023.26,3896.75
304,1962.51,3834.33
1484,3286.48,3650.86
943,3066.41,3437.01
320,2186.59,3169.92
347,2328.01,3157.04
305,1823.95,3623.98
307,1782.37,3545.98
308,1724.94,3357.63
312,1706.04,3446.89
321,2068.45,3168.53
361,2296.26,4262.71
309,1884.83,3764.64
317,1730.81,3251.54
328,1943.31,3147.94
311,1814.3,3678.44
1813,3327.23,3882.21
310,2020.76,3942.31
316,1970.81,3895.13
322,2042.76,3997.48
319,1912.66,3843.24
318,1750.08,3599.52
901,2875.94,3306.74
324,1681.49,3514.91
329,1602.21,3349.78
335,1604.81,3256.8
326,1803.38,3735
337,1852.57,3804.89
334,1982.97,3952.02
330,1737.85,3658.26
336,1599.49,3429.35
342,1720.76,3145.9
345,1813.82,3106.34
766,2452.11,4371.46
853,2544.87,4408.12
353,2054.77,4050.03
379,2092.14,4108.99
341,1927.66,3901.83
343,1608.36,3161.91
339,1665.41,3575.67
340,1882.49,3858.45
351,2099.91,3103.91
400,2185.27,3074.5
366,2000.04,3081.67
354,2002.75,4011.71
837,2366.99,4343.42
344,1590.19,3492.04
998,2641.45,4449.98
348,1739.47,3719.18
350,1796.27,3784.52
4678,3219.14,4203.77
371,1884.01,3050.8
346,1500.23,3350.82
352,1481.85,3257.36
359,1659.67,3641.7
1482,3039.33,4538.65
744,2572.86,3156.05
911,2688.96,3190.84
786,2447.73,3101.61
363,1938.14,3962.91
358,1484.59,3162.89
349,1521.14,3421.54
357,1840.91,3843.39
527,2114.16,4172.39
672,2234.49,4275.51
695,2163.15,4233.33
356,1578.23,3547.31
360,1884.01,3898.65
368,1608.16,3074.56
374,1697.09,3051.52
372,1504.8,3080.33
362,1500,3462.93
389,1771.28,3012.62
364,1380.6,3274.46
365,1420.21,3372.19
886,2298.5,3018.81
367,1750.13,3775.06
369,1695.01,3720.35
370,1796.58,3829.45
542,2062.46,3026.53
377,1322.54,3149.49
394,2029.72,4072.64
398,1973.21,4034.16
1392,3221.34,3487.96
375,1573.43,3597.76
381,1485.73,3513.06
373,1838.91,3883.89
386,1388.95,3071.77
382,1633.51,3672.76
384,1881.35,3940.66
795,2301.18,4327.18
378,1409.16,3430.65
444,1920.31,4000.29
380,1304.33,3299.66
385,1258.18,3217.14
383,1329.99,3364.64
587,1945.49,2993.74
387,1719.04,3776.33
388,1760.01,3820.22
404,1520.18,3009.21
416,1601.4,2999.17
397,1674.01,3736.67
392,1798.85,3869.02
583,1833.49,2963.7
426,1422.37,3002.22
417,1837.46,3921.35
469,1670.63,2971.39
399,1512.07,3572.56
401,1576.7,3638.11
1135,3016.6,3339.01
403,1201.37,3146.54
407,1282.14,3044.98
413,1208,3104.45
420,1220.54,3065.94
390,1392.32,3462.93
391,1331.03,3407.15
577,2058.23,4130.92
393,1249.74,3316.75
396,1190.89,3252.43
408,1439.69,3515.92
424,1628.09,3701.25
395,1269.35,3360.67
554,1874.82,3975.69
411,1152.92,3180.27
477,1321.01,2991.39
421,1735.79,3815.69
452,1705.32,3789.48
468,1765.48,3854.99
637,1731.9,2932.97
409,1319.4,3432.86
422,1373.38,3476.42
405,1270.01,3389.92
540,1800.53,3903.17
402,1193.25,3294.81
406,1214.22,3327.79
652,2002.44,4098.89
415,1225,3356.88
418,1147.42,3272.13
429,1112.52,3235.8
432,1112.43,3202.68
513,1669.21,3758.92
662,1951.24,4057.36
472,1531.78,3612.04
4695,1470.48,3557.14
821,2139.18,2972.56
515,1586.98,3670.86
414,1167.85,3304.75
427,1125.46,3129.34
436,1144.65,3098.66
505,1532.08,2956.73
548,1456.01,2943.1
423,1223.9,3375.98
425,1255.35,3404.47
419,1183.92,3332.24
502,1243.45,2983.83
506,1199.9,3008.26
458,1409.23,3511.7
434,1328.76,3454.89
441,1289.32,3432.44
1058,2815.23,3214.21
440,1094,3169.85
447,1091.74,3143.73
1159,2742.16,4494.49
1336,2850.59,4541.21
464,1154.49,3062.17
430,1146.7,3313.92
431,1125.97,3287.26
428,1192.47,3353.52
603,1583.85,2932.49
632,1836.24,3954.4
438,1098.47,3257.44
433,1161.66,3335.8
493,1159.77,3027.14
564,1735.46,3836.56
4696,1355.61,3478.03
435,1194.29,3366.61
437,1210.41,3382.64
580,1634.23,3728.86
448,1254.48,3416.42
455,1224.35,3398.95
600,1347.08,2918.46
453,1078.5,3115.31
463,1087.48,3091.93
439,1170.42,3352.27
450,1066.49,3202.47
451,1063.9,3227.03
443,1133.12,3322.53
445,1112.7,3300.16
449,1087.72,3274.44
456,1061.97,3174.79
442,1148.1,3339.04
466,1310.83,3452.41
446,1178.8,3366.39
488,1094.96,3058.3
459,1190.53,3380.69
460,1058.33,3247.1
454,1152.25,3350.16
462,1055.17,3147.46
471,1271.68,3431.12
457,1128.93,3332.64
461,1106.52,3312.36
4704,1908.71,4029.64
467,1081.97,3289.23
465,1160.24,3363
4697,1048.5,3120.27
473,1236.56,3412.36
475,1054.71,3264.18
476,1027.03,3198.54
478,1026.04,3175.11
479,1025.94,3219.66
613,1704.96,3811.62
486,1043.61,3091.85
470,1132.85,3344.61
480,1203.34,3394.07
482,1022.5,3150.55
474,1107.23,3324.7
508,1382.95,3500.5
524,1438.51,3540.01
483,1171.3,3375.68
487,1025.12,3238.26
481,1081.69,3302.9
485,1017.01,3125.33
510,1041.77,3059.01
529,1102.84,3019.54
484,1141.47,3356.84
499,1290.98,3445.27
503,1333.8,3469.77
489,1054.95,3279.39
641,1768.45,3884.01
688,1641.63,2900.59
490,1113.57,3336.95
495,1252.93,3424.56
544,1497.02,3588.59
581,1553.37,3643.33
498,1217.96,3405.52
491,1086.66,3315.73
492,1026.71,3254.74
494,992.431,3172.46
496,993.135,3193.14
592,1245.77,2928.17
497,991.229,3150.87
504,994.314,3212.23
4699,1184.98,3387.02
500,1059.68,3293.18
4698,988.829,3129.17
4700,1153.7,3368.15
4701,1124.33,3348.47
501,1009.67,3098.31
512,982.473,3106.23
522,1000.37,3067.12
511,997.326,3229.49
539,1042.68,3019.72
507,1031.92,3269.43
509,1096.39,3327.64
514,1069.04,3305.68
516,1003.3,3244.91
555,1125.02,2981.18
517,961.434,3148.05
520,961.911,3167.64
523,963.731,3186.49
518,961.99,3128.85
521,1041.41,3282.57
526,971.043,3079.7
574,1172.24,2947.8
525,967.563,3204.02
671,1502.69,2900.75
528,1013.19,3258.6
556,986.078,3026.39
530,974.15,3219.87
519,963.321,3112.76
531,950.465,3092.44
654,1675.08,3784.16
633,1604.08,3700.19
532,984.418,3233.98
533,934.476,3124.33
534,933.24,3142.76
535,938.986,3107
536,934.488,3161.06
543,955.049,3048.61
537,938.335,3178.51
538,945.093,3194.56
545,933.723,3066.27
734,2077.01,4175.59
813,2109.75,4215.82
571,1044.2,2970.18
541,955.43,3208.91
552,919.331,3082.99
549,907.354,3117.99
551,911,3100.18
550,907.255,3135.81
546,910.37,3153
547,916.741,3169.04
553,926.784,3183.49
570,990.711,2986.42
704,1802.89,3933.71
831,2008.06,2934.47
565,913.414,3037.56
569,931.156,3015.63
563,899.203,3056.89
557,889.707,3143.42
558,884.133,3127.48
559,899.1,3157.87
707,1415.42,2872.27
560,882.147,3110.52
561,883.797,3092.96
562,889.36,3075.11
729,1870.74,4006.35
612,1075.27,2915.86
585,945.648,2989.36
566,864.332,3117.75
567,872.861,3132.16
568,859.782,3101.97
572,859.004,3085.2
573,861.903,3067.72
575,868.317,3049.51
576,877.846,3030.09
691,1739.25,3861.92
584,889.749,3008.56
578,848.359,3106.46
579,840.826,3092.16
582,837.377,3076.58
595,902.829,2984.52
598,952.04,2964.52
609,978.33,2949.92
626,998.867,2920.33
4702,837.669,3060.04
586,841.351,3042.7
665,1148.13,2871.3
588,847.731,3024.37
593,855.583,3004.07
794,2038.97,4155.65
589,825.768,3080.87
590,819.306,3066.74
684,1648.62,3756.31
591,816.984,3051.47
778,1783.39,2886.62
809,1888.03,2906.76
604,864.079,2980.35
606,916.424,2959.94
594,818.259,3035.37
596,822.493,3018.66
601,828.343,3001.18
597,805.275,3055.47
599,799.981,3041.59
602,798.845,3026.79
676,1246.62,2857.81
610,832.821,2980.52
605,801.259,3011.54
616,876.017,2954.47
608,806.469,2996.46
607,787.098,3030.31
619,934.327,2938.62
611,783.131,3016.77
731,1326.12,2835.62
614,812.762,2983.34
615,783.418,3002.64
739,1558.21,2867.44
620,834.278,2951.3
617,787.475,2988.56
627,893.548,2929.75
618,771.531,3005.38
622,795.206,2975.35
625,954.524,2921.28
623,809.102,2963.94
621,769.094,2992.27
658,995.78,2875.26
678,1046.69,2846.74
723,1712.22,3837
624,771.094,2978.97
635,851.408,2922.56
628,777.185,2966.18
629,758.901,2980.71
638,916.639,2908.23
634,800.232,2940.16
643,813.279,2918.59
631,758.15,2968.09
630,787.182,2954.19
636,762.014,2955.74
646,949.55,2891.52
648,872.627,2896.59
640,770.03,2944.59
642,749.355,2956.26
639,780.206,2935.93
644,750.331,2944.13
770,1837.23,3984.43
647,785.207,2918.62
659,825.468,2886.57
645,756.314,2932.84
782,1694.24,2864.16
657,901.054,2873.99
649,767.309,2923.55
751,1773.61,3911.96
650,742.794,2931.94
655,790.459,2894.24
651,745.471,2920.27
653,753.72,2909.78
668,935.59,2852.47
656,768.13,2901.15
669,854.075,2860.63
660,738.805,2907.73
661,742.907,2896.37
769,1970.57,4100.34
838,2000.4,4139.52
663,752.835,2886.08
741,1688.38,3810.61
664,768.628,2876.55
666,790.136,2866.03
680,883.726,2836.88
686,973.329,2826.92
675,813.264,2849.4
4703,736.722,2883.62
667,741.778,2872.47
781,1938.04,4079.47
670,752.263,2862.08
673,767.135,2851.75
724,1084.99,2801.25
733,1169.43,2803.32
679,783.918,2839.75
674,736.065,2859.8
677,741.687,2848.92
698,915.454,2812.83
689,834.899,2822.76
681,752.002,2838.86
773,1474.4,2833.83
896,2194.97,4300.92
990,2266.84,4358.75
683,765.181,2829.38
682,736.868,2836.53
690,798.319,2822.94
761,1247.23,2791.72
685,743.045,2826.22
715,1007.09,2792.08
687,777.679,2821.08
701,867.41,2801.17
692,753.445,2817.24
693,739.683,2814.13
694,766.614,2810.02
696,746.759,2804.7
718,944.337,2784.7
697,783.026,2805.86
802,1614.32,2836.31
699,804.635,2801.35
708,829.467,2789.41
779,1747.65,3888.39
700,757.955,2797.27
703,745.143,2792.77
705,772.23,2792.48
887,2140.87,4265.25
706,753.476,2784.38
702,787.161,2790.41
716,893.963,2777.52
710,802.263,2779.75
709,766.068,2778.68
717,853.25,2770.41
711,782.151,2776.4
712,753.56,2772.5
808,1807.88,3962.35
713,763.338,2765.17
790,1390.19,2803.39
719,821.233,2764.11
714,777.689,2760.98
720,796.63,2760.55
721,764.741,2753.22
722,775.848,2746.7
725,791.879,2743.37
740,966.103,2750.89
755,1031.88,2744.6
730,873.954,2748.27
735,915.396,2750.74
727,840.135,2745.22
726,813.066,2743.13
728,778.032,2734.66
732,790.131,2728.61
792,1725.27,3863.22
763,1111.19,2751.77
736,807.28,2725.47
737,829.511,2724.57
742,857.078,2724.73
738,792.72,2716.64
814,1903.13,4057.1
841,1870.65,4035.02
745,890.328,2724.41
803,1314.19,2771.81
743,805.353,2710.82
788,1182.72,2748.21
870,2069.13,4201.63
750,929.48,2721.85
746,822.824,2707.58
748,844.724,2705.85
747,808.225,2699.2
827,1536.09,2802.11
759,973.683,2714.41
752,870.949,2704.08
749,821.005,2693.67
1032,2645.28,3122.28
1051,2557.76,3072.56
756,901.476,2700.48
753,837.955,2690.48
754,824.416,2682.66
757,857.987,2688.39
758,837.128,2677.71
767,935.548,2693.56
833,1782.29,3939.18
762,881.1,2684.85
760,852.832,2675.3
764,841.658,2667.47
783,1014.32,2697.02
791,1070.52,2707.47
772,907.766,2678.21
765,868.209,2674.75
768,854.543,2663.56
780,970.073,2681.8
771,869.931,2663.11
818,1248.52,2735.6
774,886.996,2667.78
805,1132.19,2708.29
775,860.677,2653.94
1100,2424.74,4422.49
1118,2510,4455.51
784,936.725,2668.59
776,874.24,2651.29
849,1966.62,4124.9
859,1841.65,4012.74
777,890.907,2652.79
785,911.139,2658.67
856,1447.67,2758.72
787,881.68,2641.93
789,896.158,2640.13
793,914.349,2642.3
860,1734.47,2823.26
876,1821.2,2830.33
839,1760.63,3914.71
797,965.1,2656
799,1000.62,2664.97
873,1934.14,4105.65
861,1663.01,2806.63
804,1044.21,2672.02
796,936.893,2647.92
1056,2447.06,3001.69
798,904.261,2630.79
825,1192.25,2701.06
800,919.508,2629.32
834,1367.29,2749.89
819,1094.18,2674.07
801,938.603,2631.39
885,2032.11,4185.68
1048,2346.46,4393.54
806,961.927,2635.93
811,990.396,2641.31
807,927.867,2620.13
815,1025,2645.47
810,943.476,2618.77
812,962.462,2620.48
868,1596.36,2778.51
846,1309.91,2716.74
824,1065.58,2646.59
835,1146.86,2669.96
817,984.476,2623.82
816,952.158,2610.01
875,1816.39,3989.72
926,1939.51,2833.29
820,967.696,2608.82
822,1010.96,2626.16
823,985.407,2610.62
917,2099.18,4244.91
890,1903.1,4084.63
830,1043.46,2625.86
828,977.27,2600.75
826,1002.04,2613.87
848,1249.06,2686.41
842,1110.53,2643.42
829,992.812,2600.18
932,2076.72,2875.62
981,2206.95,2907.28
836,1025.91,2611.47
832,1009.59,2603.32
844,1081.09,2622.62
852,1198.69,2660.73
888,1529.38,2739.56
840,1003.85,2592.64
843,1019.88,2592.97
847,1057.34,2607.53
845,1037.56,2597.77
877,1795.1,3965.55
866,1378.54,2700.96
857,1158.11,2635.61
895,1997.46,4169.78
850,1032.32,2585.45
899,1874.81,4062.7
855,1122.23,2615.5
851,1049.32,2586.27
858,1092.44,2601.37
854,1068.96,2591.61
879,1306.06,2658.28
864,1243.33,2648.92
913,1965.28,4152.49
862,1062.54,2578.29
863,1080.62,2579.01
869,1207.13,2625.64
1200,2600.71,4493.26
865,1101.96,2583.93
867,1128.29,2592.3
872,1167.95,2602.19
905,1461.66,2683.28
909,1849.93,4039.88
893,1696.25,2780.07
916,1751.83,2773.43
900,1645.72,2759.11
871,1093.99,2570.41
874,1112.74,2570.66
882,1260.17,2616.85
878,1134.23,2574.8
898,1382.75,2641.33
880,1156.18,2581.14
907,1593.35,2729.14
884,1219.31,2593.36
925,2063.28,4230.26
881,1126.21,2561.52
891,1189.22,2576.15
922,1935.18,4133.01
883,1145.19,2561.26
910,1828.94,4015.94
947,1832.84,2760.38
889,1166.5,2565.52
908,1322.82,2599.53
892,1158.95,2551.39
903,1266.91,2579.03
894,1178.37,2550.7
902,1229.29,2564.59
936,2029.26,4215.1
1094,2338.04,2918.84
958,2123.29,4281.94
1004,2159.85,4312.51
919,1545.04,2687.59
897,1201.12,2555.06
934,1907.6,4111.91
904,1192.06,2539.66
927,1689.26,2739.77
906,1212.06,2538.1
952,1997.25,4198.63
1059,2209.57,4357.89
912,1236.69,2541.12
923,1388.3,2589.83
929,1443.42,2618.81
942,1883.1,4089.52
921,1639.61,2722.49
1222,2956.54,3241.75
914,1267.65,2547.79
920,1307.08,2556.13
915,1224.9,2525.81
937,1508.66,2638.21
918,1245.13,2522.94
935,1607.7,2689.71
931,1353.01,2558.48
940,1862.36,4065.9
1172,2745.29,3131.82
924,1270.26,2523.81
965,1967.53,4180.37
930,1300.9,2526.85
928,1256.57,2509.8
960,1739.7,2708.74
973,2094.16,4272.36
933,1276.3,2505.54
950,1573.36,2647.97
938,1336.21,2529.21
945,1665.41,2696.94
975,1940.37,4160.27
944,1396.34,2551.37
949,1435.86,2572.41
939,1300.63,2504.37
984,2061.67,4259.49
1011,1923.6,2739.7
1026,2028.91,2787.54
941,1286.39,2492.14
954,1487.4,2590.42
948,1329.05,2504.65
951,1372.37,2528.48
1064,2140.65,2820.53
946,1305.14,2486.85
987,1916.16,4138.52
961,1633.06,2656.62
1003,2030.07,4244.28
966,1544.98,2603.8
956,1360.11,2504.98
953,1327.99,2484.32
982,1895.55,4115.28
955,1314.18,2473.66
1411,3166.29,3375.89
957,1402.02,2525.44
962,1431.08,2536.91
967,1686.18,2666.7
959,1331.84,2467.94
1024,1823.92,2678.8
963,1354.17,2483.44
969,1472.8,2550.08
979,1604.35,2614.53
964,1391.53,2505.37
1017,2000.5,4227.04
968,1353.23,2464.94
978,1522.56,2562.13
970,1340.23,2455.36
972,1382.76,2483.61
971,1423.54,2509.05
1028,2127.85,4312.19
974,1356.91,2449.8
1000,1731.05,2647.33
993,1664.71,2626.66
980,1460.15,2516.71
977,1377.68,2463.81
976,1413.43,2485.26
1031,1973.51,4207.85
995,1577.33,2572.57
983,1376.95,2446.93
991,1503.69,2525.35
985,1364.98,2438.07
988,1447.37,2488.89
986,1404.88,2464.09
1042,2095.52,4302.79
989,1380.8,2433.16
1038,1949.43,4186.82
994,1435.26,2465.51
992,1399.81,2446
1007,1552.87,2533.88
1010,1636.12,2582.67
1001,1486.33,2493.87
1119,2251.34,2839.23
1034,1928.82,4164.06
996,1399.4,2430.97
1060,2063.98,4289.32
997,1389.01,2422.57
999,1425.57,2446.08
1006,1469.74,2467.62
1002,1404.1,2418.79
1133,2261.42,4415.41
1162,2324.92,4438.31
1015,1531.15,2499.28
1005,1419.92,2430.55
1029,1700.55,2595.15
1009,1455.03,2446.37
1022,1606.57,2541.75
1008,1420.77,2417.96
1012,1413.18,2409.55
1312,2696.04,4534.88
1013,1443.46,2429.98
1050,1773.95,2610.67
1019,1509.6,2469.75
1014,1427.83,2407.38
1071,2034.37,4273.17
1081,2167.84,4354.37
1016,1435.88,2419.13
1021,1488.8,2446.35
1033,1579.49,2505.98
1020,1443.17,2409.04
1023,1471.59,2428.44
1045,1666.33,2548.7
1084,1917.47,2668.44
1089,2001.77,2711.93
1025,1438.44,2399.39
1027,1457.29,2415.79
1030,1453.23,2399.1
1044,1558.49,2471.11
1076,2007.32,4254.81
1631,3146.36,4526.92
1040,1526.78,2445.21
1035,1468.83,2403.33
1037,1503.85,2426.3
1046,1630.5,2510.34
1039,1485.24,2412.37
1088,1851.6,2618.78
1041,1465.36,2391.97
1109,2094.05,2746.18
1091,2132.13,4346.24
1067,1734.04,2558.14
1043,1480.81,2393.15
1083,1983.15,4234.44
1211,2664.08,3062.81
1049,1600.87,2483.8
1075,1962.42,4212.19
1047,1497.63,2398.84
1599,3320.46,3575.57
1052,1516.32,2408.86
1054,1538.21,2422.92
1057,1565.36,2440.37
1053,1494.01,2386.47
1106,2099.43,4334.02
1055,1510.31,2388.55
1063,1599.59,2458.07
1072,1693.19,2507.9
1068,1639.58,2477.96
1061,1528.32,2394.91
1203,2399.14,4468.63
1097,1805.26,2568.76
1191,2572.23,2993.42
1065,1548.56,2405.01
1066,1524.16,2382.27
1070,1572.11,2418
1069,1541.16,2384.86
1204,2470.68,2907.16
1074,1600.67,2432.48
1323,2884.3,3139.35
1137,2211.76,4402.77
1113,2069.32,4318.85
1073,1559.84,2391.44
1510,2972.58,4592.05
1079,1635.95,2447.73
1143,2188.65,2769.38
1078,1580.37,2401.1
1077,1555.47,2379.07
1102,1767.82,2521.24
1087,1680.28,2464.44
1082,1572.9,2382.05
1080,1603.17,2412.48
1117,2041.97,4301.26
1104,1736.44,2478.45
1086,1591.55,2388.8
1085,1631.19,2423.82
1112,1996.56,4259.68
1121,2017.56,4281.49
1093,1587.78,2376.95
1092,1610.67,2398.16
1096,1667.42,2434.75
1090,1627.65,2407.89
1140,2171.42,4391.64
1095,1605.43,2380.47
1115,1920.37,2613.96
1125,1986.26,2649.8
1099,1655.34,2413.36
1098,1623.67,2387.82
1107,1711.97,2444.73
1120,1871.61,2574.93
1139,2063.15,2682.21
1101,1641.11,2398.42
1145,2136.58,4379.08
1103,1621.2,2376.17
1187,2356.34,2841.07
1105,1639.11,2380.45
1110,1692.5,2419.88
1123,1835.62,2532.32
1108,1657.26,2388.92
1111,1674.95,2401.75
1221,2478.75,4499.93
1130,1805.34,2485.98
1114,1655.88,2376.75
1128,1762.92,2450.98
1116,1674.28,2381.78
1150,2105.43,4364.28
1126,1735.09,2425.17
1122,1693.19,2391.33
1163,2143.94,2707.73
1124,1712.98,2405.61
1146,2031.42,4306.61
1154,2077.52,4347.22
1127,1691.9,2378.28
1131,1923.17,2576.35
1144,1975.08,2598.45
1129,1711.08,2383.78
1155,2052.76,4328
1295,2563.63,4534.98
1188,2280.11,2780.57
1138,1896.65,2542.71
1132,1731.33,2393.88
1149,1870.21,2504.4
1134,1753.51,2408.44
1164,2042.46,2626.45
1141,1779.43,2427.3
1136,1729.24,2380.19
1148,1812.25,2449.48
1142,1749.23,2385.8
1158,1855.11,2469.37
1153,1955.06,2555.07
1147,1770.71,2395.81
1210,2254.39,4455
1225,2306.35,4476.87
1152,1794.38,2409.58
1423,3106.84,3275.52
1151,1767.61,2382.06
1196,2211.49,4439.29
1167,1927.24,2516.97
1181,2113.05,2653.58
1189,2174.76,4424.9
1157,1821.34,2426
1156,1788.23,2387.54
1198,2224.39,2724.21
1177,2025.91,2572.15
1192,2142.5,4409.72
1179,2067.03,4352.99
1160,1810.28,2397.03
1161,1852.42,2442.47
1170,1904.32,2483.21
1193,2113.92,4392.83
1165,1806.7,2383.8
1166,1833.96,2409.6
1182,1984.96,2527.42
1190,2088.71,4373.97
1169,1827.62,2389.09
1168,1858.74,2423.7
1171,1889.22,2455.39
1425,2797.4,4580.56
1174,1849.64,2398.15
1173,1881.03,2436.29
1281,2374.66,4514.18
1208,2182.96,2673.3
1202,2094,2605.45
1175,1846.31,2385.62
1176,1872.34,2410.09
1183,1954.99,2493.04
1178,1894.41,2424.21
1180,1867.31,2390.88
1185,1931.85,2464.48
1184,1913.41,2441.64
1320,2776.12,3064.15
1186,1889.08,2399.95
1194,1886.4,2387.85
1195,1911.04,2412.25
1209,2042.69,2531.74
1219,2089.63,2563.83
1197,1932.53,2427.86
1218,2103.31,4398.78
1199,1907.5,2393.37
1216,2154.37,2629.08
1207,2006.44,2499.48
1205,1977.77,2471.26
1201,1954.03,2447.39
1206,1929.2,2402.83
1244,2361.12,2779.99
1255,2439.11,2822.89
1237,2301.24,2731.95
1234,2180.01,4455.06
1239,2212.82,4470.97
1230,2125.32,4419.45
1289,2606.07,2923.57
1299,2690.06,2995.32
1231,2150.92,4438.07
1212,1927.09,2390.83
1213,1951.19,2415.84
1250,2249.8,4487.07
1215,1973.61,2432.37
1238,2251.95,2684.9
1214,1948.38,2396.78
1372,2652.97,4572.97
1217,1997.43,2452.42
1233,2141.43,2590.99
1293,2450.31,4540.57
1308,2538.36,2851.18
1223,2024.34,2475.82
1220,1970.27,2406.7
1227,2056.41,2502.01
1242,2212.47,2642.95
1236,2095.44,2529.53
1270,2291.31,4505.56
1224,1968.46,2394.68
1226,1992.66,2420.13
1228,1990.03,2401.03
1229,2016.05,2436.91
1243,2184.75,2611.17
1232,2041.18,2456.57
1254,2140.14,4443.95
1247,2140.8,2556.66
1235,2012.19,2411.29
1355,2529.47,4574.42
1440,3042.24,3178.84
1241,2069.38,2478.43
1240,2010.52,2399.32
1301,2336.87,4529.83
1245,2034.96,2424.91
1251,2102.63,2501.59
1249,2032.38,2406.05
1248,2058.62,2441.46
1268,2162.41,4464.31
1275,2188.29,4482.79
1252,2083.58,2460.15
1259,2187.47,2583.24
1282,2217.45,4499.78
1253,2054.73,2416.55
1260,2142.92,2525.49
1267,2320.16,2690.63
1274,2371.93,2734.01
1269,2272.71,2649.28
1288,2249.84,4515.94
1257,2053.31,2404.82
1256,2110.53,2479.72
1264,2230.29,2613.05
1283,2420.38,2772.13
1258,2077.52,2430.26
1793,3345.92,3841.82
1266,2190.25,2550.9
1261,2100.63,2446.53
1262,2075.41,2411.91
1298,2284.99,4532.14
1263,2143.51,2499.08
1265,2123.38,2464.19
1272,2097.87,2422.76
1291,2177.47,4488.43
1318,2489.99,2788.39
1273,2142.97,2480.31
1276,2096.85,2411.27
1277,2120.35,2436.68
1286,2239.36,2580.52
1278,2186.93,2519.44
1279,2142.33,2453.15
1280,2119.22,2418.86
1285,2177.1,2492.78
1296,2287.02,2614.77
1284,2162.36,2471.56
1306,2245.89,2544.37
1302,2336.37,2652.63
1304,2388.82,2694.1
1309,2199.96,4508.42
1316,2321.26,4549.12
1707,3359.05,3715.64
1287,2141.67,2430.16
1310,2441.94,2738.26
1314,2225.85,4526.53
1292,2141.2,2418.84
1294,2163.81,2444.63
1305,2223.6,2508.71
1297,2185.1,2462.1
1300,2163.8,2426.97
1342,2380.63,4564.86
1344,2429.36,4577.08
1322,2254.64,4543.13
1303,2204.83,2482.92
1319,2297.1,2580.88
1307,2186.33,2438.87
1329,2285.79,4558.52
1357,2645.54,2865.39
1361,2721.73,2931.78
1950,3223.77,4398.62
1328,2215.32,4531.99
1311,2186.37,2427.55
1388,2495.29,4606.11
1313,2208.48,2454.13
1415,2614.55,4610.47
1325,2348.15,2615.99
1315,2230.17,2472.83
1335,2318.15,4572.87
1375,2802.3,2999.13
1317,2209.26,2436.24
1339,2352.53,4565.36
1332,2403.24,2654.6
1321,2252.04,2495.4
1337,2461.16,2697.77
1326,2276.35,2522.44
1330,2309.16,2552.1
1324,2232.02,2448.73
1356,2580.96,2802.55
1343,2238,4551.47
1347,2521.24,2746.33
1327,2232.39,2437.31
1450,2746.09,4614.44
1331,2254.64,2464.73
1353,2263.8,4568.93
1334,2277.42,2484.21
1351,2349.7,4585.47
1333,2255.66,2446.51
1338,2354.75,2581.73
1389,2872.68,3059.4
1340,2301.28,2507.03
1360,2291.96,4584.52
1459,2983.87,3088.24
1341,2278.83,2459.5
1354,2412.08,2615.1
1348,2327.67,2532.13
1345,2279.32,2447.98
1362,2253.91,4574.46
1366,2321.71,4598.22
1346,2354.88,2555.71
1349,2302.05,2475.96
1368,2474.5,2655.75
1350,2303.01,2457.55
1352,2325.66,2495.69
1373,2351.79,4609.6
1542,2908.57,4631.93
1378,2538.93,2701.14
1364,2408.7,2574.89
1371,2379.82,4594.12
1358,2350.07,2518.1
1359,2326.66,2470.95
1377,2415.72,4605.4
1380,2276.83,4593.19
1403,2464.4,4628.01
1363,2327.19,2459.4
1365,2375.81,2542.69
1406,2616.24,2753.16
1367,2350.33,2487.72
1370,2351.31,2469.33
1382,2380.64,4617.73
1369,2374.05,2507.48
1387,2302.54,4609.65
1390,2484.61,2611.79
1448,2578.85,4650.98
1399,2676.26,2813.98
1408,2751.86,2872.33
1374,2397.33,2529.48
1376,2375.37,2483.06
1395,2330.19,4623.78
1428,2836.46,2937.98
1397,2293.55,4615.57
1381,2375.96,2471.5
1379,2417.58,2551.08
1393,2462.5,2570.55
1400,2358.96,4635.28
1384,2399.28,2500.11
1401,2548.48,2657.98
1385,2422.77,2520.19
1386,2400.54,2481.79
1394,2405.19,4622.2
1470,2701.3,4646.22
1404,2387.79,4643.47
1391,2444.82,2543.06
1439,2918.6,3009.23
1396,2424.94,2495.83
1417,2439.82,4642.41
1421,2613.63,2699.5
1410,2316.86,4633.4
1398,2425.65,2484.28
1413,2415.31,4647.1
1826,3227.41,4511.13
1402,2449.11,2513.23
1407,2472.96,2533.97
1405,2450.58,2494.81
1418,2342.66,4648.61
1445,2523.98,4661.91
1414,2523.78,2588.83
1422,2563.72,2623.99
1409,2496.71,2558.59
1651,3323.22,3410.12
1704,3379.62,3503.49
1426,2370.12,4661.06
1412,2475.38,2509.12
1427,2334.64,4655.18
1416,2476.14,2497.56
1429,2699.71,2776.75
1451,2765.11,2816.97
1432,2398.61,4670.34
1435,2617.18,2659.82
1419,2500.09,2526.83
1446,2486.93,4671.2
1434,2427.45,4675.77
1420,2501.45,2508.29
1443,2684.7,2735.25
1424,2525.18,2547.96
1474,2867.81,2871.11
1431,2552.16,2572.62
1441,2358.51,4672.01
1590,3264.74,3309.25
1430,2526.68,2522.76
1444,2456.36,4676.24
1437,2584.44,2600.39
1493,2665.52,4679.42
1433,2527.38,2511.25
1452,2384.62,4685.9
1436,2552.03,2540.5
1438,2553.1,2522.15
1455,2677.9,2693.4
1449,2625.4,2629.67
1556,3196.22,3211.81
1442,2578.09,2561.22
1539,2845.21,4662.46
1458,2412.29,4696.76
1457,2377.52,4693.27
1502,2958.09,2947.63
1464,2757.86,2767.86
1447,2578.71,2536.66
1453,2605.99,2584.28
1463,2441.13,4704.23
1454,2579.46,2525.39
1468,2471.05,4708.01
1465,2675.6,2658.7
1456,2604.32,2554.17
1461,2637.14,2608.17
1460,2605.54,2536.48
1543,3059.81,3026.29
1549,3127.21,3119.59
1475,2402.04,4709.06
1462,2630.01,2574.03
1473,2744.39,2724.52
1478,2502.84,4708.16
1485,2538.99,4706.01
1499,2584.09,4705.08
1467,2631.33,2551.02
1518,2643.5,4715.39
1472,2675.9,2631.68
1537,2787.81,4685.64
1496,2838.59,2803.19
1483,2428.67,4721.76
1469,2655.33,2594.92
1471,2632.43,2540.14
1481,2733.53,2686.73
1476,2656.58,2568.26
1489,2422.33,4729.88
1490,2456.83,4731.31
1479,2658.84,2551.49
1477,2677.14,2613.38
1480,2680.74,2587.58
1495,2486.37,4737.59
1500,2816.08,2754.19
1486,2724.98,2655.22
2071,3236.72,4368.33
4210,3239.7,4336.27
1488,2684.58,2566.16
1501,2517.54,4740.82
1487,2702.05,2608
1548,2745.03,4710.31
1491,2686.38,2555.67
1492,2716.37,2629.69
1503,2797.55,2713.71
1538,2932.68,2831.71
1554,2993.3,2891.36
1506,2447.65,4744.8
1494,2709.24,2583.51
1511,2551.33,4741.95
1497,2713.1,2567.41
1498,2731.96,2603.18
1505,2781.97,2679.22
1691,3108.43,4652.56
1767,3191.25,4619.64
1512,2474.9,4756.49
1741,3395.73,3647.49
1520,2589.58,4743.19
1508,2767.5,2650.02
1504,2751.45,2625.08
1507,2738.83,2582.43
1516,2469.21,4765.22
1517,2503.63,4765.02
1509,2741.46,2572.2
1557,2714.2,4739.13
1513,2763.16,2600.27
1522,2533.72,4770.46
1531,2893.33,2780.98
1514,2768.58,2584.42
1515,2785.59,2620.9
1533,2634.27,4748.73
1526,2866.02,2738.95
1527,2565.28,4773.41
1577,3074.1,2953.3
1524,2844.27,2702.88
1519,2805.97,2644.5
1523,2824.99,2671.62
1530,2495.41,4779.41
1521,2794.55,2599.96
1525,2797.93,2589.84
1671,3032.62,4689.79
1540,2598.82,4775.11
1534,2523.32,4790.21
1528,2819.17,2618.49
1529,2825.63,2602.54
1532,2842.39,2640.12
1544,2518.34,4799.52
1546,2552.48,4797.82
1560,2688.45,4764.74
1535,2864.51,2664.99
1558,2634.86,4777.59
1536,2852.18,2618.64
1552,2582.53,4802.32
1545,2886.41,2693.28
1547,2909.59,2725.26
1541,2856.01,2608.49
1555,2936.32,2761.06
1559,2613.05,4804.28
1550,2877.58,2637.86
1551,2884.48,2621.67
1563,2545.48,4813.06
1566,2971.49,2800.79
1553,2901.99,2660.25
1561,2669.62,4781.78
1569,2574.02,4823
1564,2925.86,2685.78
1562,2911.83,2638.28
1596,2814.82,4739.45
1620,2878.47,4736.82
1580,3032.84,2846.6
1648,2956.75,4720.95
1567,2643.74,4804.9
1565,2915.88,2628.05
1605,3155.22,3002.84
1618,3202.85,3066.51
1575,2569.93,4832.96
1568,2949.97,2714.4
1576,2603.35,4829.46
1572,2975.39,2745.82
1602,2790.44,4767.53
1640,3279.59,3149.23
1570,2938.23,2658.05
1573,2945.24,2641.68
1583,2632.67,4832.35
1574,2963.82,2680.88
1597,3095.66,2901.49
1578,3003.19,2779.03
1666,3357.91,3241.95
1601,2756.16,4792.77
1579,2677.85,4806.88
1581,2660.35,4831.73
1586,2717.08,4806.08
1582,2973.52,2658.74
1592,2598.03,4845.83
1584,2989,2706.6
1585,2977.64,2648.45
1589,3031.81,2809.54
1587,2682.27,4828.21
1591,3014.27,2734.95
1600,2627.21,4854.81
1593,3000.84,2678.86
4560,3238.51,4307.19
1595,3039.88,2765.22
1594,3007.95,2662.51
1598,3027.37,2701.9
1610,2624.13,4865.62
1611,2656.72,4859.81
1627,3183.81,2953.71
1603,3065.26,2796.41
1607,2723.8,4837.35
1612,3087.43,2829.28
1617,3118.61,2865.8
1606,2709.87,4854.25
1613,2685.21,4860.1
1604,3037.12,2679.94
1608,3053.27,2727.56
1609,3041.38,2669.72
1629,2790.47,4847.73
1723,3439.14,3343.9
1616,3078.66,2755.4
1622,2653.33,4877.92
1615,3065.25,2700.33
1614,3072.59,2684.16
1619,3103.32,2784.82
1638,2876.1,4792.36
1635,3172.54,2901.93
1621,3092.34,2723.45
1778,3439.83,3581.17
1628,2683.39,4885.93
1642,2839.99,4826.12
1624,3126.75,2815.34
1623,3102.6,2701.95
1649,3256.78,3017.99
1632,2768.98,4875.13
1641,2742.73,4886.59
1626,3118.43,2748.99
1625,3107.11,2691.88
1636,2681.11,4897.78
1639,2713.55,4889.21
1630,3150.29,2846.3
1633,3139.24,2706.75
1634,3131.33,2722.56
1637,3143.28,2776.42
1644,3173.96,2873.29
1676,3339.52,3086.6
1643,3166.63,2805.24
1702,2993.67,4815.21
1645,3158.69,2745.78
1653,2711.55,4909.67
1646,3169.93,2724.86
1647,3188.27,2834.79
1650,3174.89,2715.01
1652,3184.5,2771.22
1656,3242.36,2928.08
1672,3290.99,2973.92
1661,2742.92,4916.95
1675,2843.1,4903.73
1680,2887.72,4887.13
1654,3207.57,2863.89
1908,3271.46,4592.16
1669,2807.93,4915.19
1655,3207.92,2730.35
1657,3199.12,2745.75
1658,3221.76,2892.97
1663,2740.8,4929.9
1659,3208.45,2798.42
1685,2942.7,4863.82
1665,2775.03,4919.16
1712,3454.69,3172.55
1660,3230.12,2826.94
1662,3226.48,2769.09
1667,3239.25,2748.83
1664,3248.75,2855.98
1736,3085.57,4784.58
1694,3369.14,3028.05
1668,3244.84,2739.24
1760,3469.3,3444
1673,3251.78,2794.62
1681,2772.64,4941.75
1670,3262.97,2884.69
1677,3278.73,2755.02
1674,3271.86,2910.18
1689,3314.01,2939.71
1678,3268.71,2770
1679,3274.56,2821.93
1682,3294.22,2850.59
1687,2805.97,4948.95
1683,3295.96,2793.66
1693,2803.01,4962.63
1684,3309.58,2880.02
1695,2841.39,4951.37
1756,3513.9,3268.73
1686,3310.67,2773.93
1690,3317.06,2764.55
1700,2880.45,4948.86
1688,3318.6,2909.72
1769,3167.32,4751.73
1710,3380.34,2979.71
1692,3320.62,2819.5
1715,2926.89,4942.35
1730,3474.73,3089.01
1696,3351.92,2780.86
1697,3340.39,2795.51
1698,3342.18,2847.25
1731,2986.85,4933.41
1705,2836.35,4974.9
1699,3359.96,2876.6
1701,3367.45,2819.6
1703,3372.99,2907.45
1755,3075.66,4923.53
1706,3384.49,2800.22
1713,2872,4982.77
1709,3380.27,2940.74
1708,3391.85,2791.04
1835,3250.71,4718.41
1711,3391.46,2845.99
1716,2867.24,4996.45
1733,3472.87,3024.91
1722,2911.2,4986.71
1714,3427.8,2807.87
1717,3414.47,2822.31
1719,3412.02,2874.51
1720,3428.64,2905.01
1734,2956.23,4987.63
1721,3441.36,2846.98
1784,3143.84,4879.17
1724,3440.77,2937.34
1827,3504.56,3525.95
1728,2901.89,5009.43
1725,3461.12,2827.76
1870,3464,3716.54
1996,3421.47,3775.93
1726,3469.61,2818.67
1727,3454.93,2974.96
1729,3464.77,2874.07
1786,3603.2,3150.7
1797,3614.38,3225.47
1739,2939.64,5018.55
1732,3506.83,2836.01
1748,3010.81,4987.49
1740,2932.61,5031.41
1735,3491.39,2850.41
2055,3401.05,3829.27
1738,3484.67,2903.58
1737,3501.23,2935.72
1742,3518.01,2875.68
1747,2981.78,5024.74
1787,3570.49,3335.04
1800,3575.16,3401.99
1743,3506.45,2964.87
1744,3541.04,2856.44
1745,3550.84,2847.35
1753,3548.94,3006.59
1751,2968.08,5045.18
1746,3540.66,2903.46
1775,3609.25,3075.33
1774,3080.99,4990.6
1750,3589.61,2865.19
1762,3030.29,5029.52
1752,3571.65,2879.72
1819,3222.56,4845.52
1754,3560.29,2934.13
1758,3586.17,2974.41
1764,3007.1,5055.65
1761,2998.14,5067.2
1853,3505.46,3648.88
1757,3597.67,2905.59
1763,3624.93,2886.21
1765,3636.13,2876.89
1766,3617.93,2933.34
1772,3050.49,5063.95
1777,3087.49,5035.65
2353,3295.14,4496.69
2451,3280.56,4445.61
1768,3676.81,2895.21
1773,3033.85,5081.6
1771,3656,2910.26
1779,3663.79,3029.55
1770,3630.61,2959.55
1809,3173.1,5009.45
1828,3211.89,4967.65
1811,3647.45,3297.57
1776,3681.17,2937.11
1789,3691.4,2995.2
4602,3239.83,4286.91
1838,3594.92,3482.39
1782,3063.04,5103.3
1788,3099.04,5071.6
1781,3713.75,2916.95
1785,3073.07,5093.09
1780,3726.12,2907.02
1783,3696.69,2965.87
1983,3334.31,4684.09
1790,3769.16,2925.76
1879,3307.23,4814.5
1792,3746.1,2942.22
1795,3115.95,5102.65
1794,3098.42,5117.96
1802,3155.76,5048.52
1816,3762.58,3087.93
1824,3738.51,3142.96
1796,3771.84,2971.23
1799,3152.09,5080.46
1857,3533.95,3589.35
1808,3784.16,3042.65
1798,3821.33,2937.34
1801,3808.68,2948.38
1803,3126.8,5139.02
1804,3786.58,3004.35
1848,3277.13,4933.47
1805,3137,5129.85
1830,3727.81,3203.28
1832,3677.49,3367.17
1806,3162.15,5111.26
1807,3867.26,2956.35
1810,3844.45,2975.49
2466,3390.63,3878.89
1812,3161.52,5153.51
1814,3178.43,5139.71
1823,3875.5,3008.21
1839,3739.59,3264.33
1817,3921.78,2967.21
1818,3209.69,5118.96
1820,3202.52,5090.97
1871,3700.35,3443.5
1821,3910.77,2979.93
1840,3242.24,5078.49
1822,3189.3,5173.71
1837,3899.35,3048.53
1825,3199.05,5165.2
1829,3221.96,5147.88
1831,3970.96,2986.23
1852,3900.79,3095.49
1849,3275.7,5042.69
1836,3953.13,3009.09
1859,3769.24,3328.89
1833,3223.27,5187.62
3077,3373.1,3925.56
1834,3238.79,5174.61
4267,3352.96,3969.07
1855,3878.81,3146.61
1843,4026.7,2995.85
1841,3256.8,5122.9
1842,3266.7,5154.24
1905,3357.4,4904.75
1846,4019.59,3010.28
1844,3250.76,5206.87
1851,3997.11,3046.39
1866,3849.42,3198.72
1845,3259.71,5198.69
2470,3334.6,4563.63
1921,3610.56,3559.2
1873,3329.26,5012.49
1847,3280.14,5181.99
1860,3821.94,3242.07
1850,4078.9,3014.4
1903,3802.72,3400.21
1854,3284.05,5219.94
1856,3297.89,5207.25
2002,3398.59,4783.02
1864,4070.92,3040.39
1878,4051.57,3099.79
1948,3710.14,3523.52
1890,3857.06,3293.22
1867,3310.34,5129.19
1872,3324.97,5100.22
1858,3313.13,5159.82
1861,3322.48,5187.66
1863,4134.47,3022.63
1862,3311.55,5238.18
1865,3319.49,5230.01
1869,4132.4,3037.97
1868,3337.17,5213.47
1914,3400.96,4986.35
1888,3376.07,5082.7
1876,4188.67,3040.22
1884,4131.8,3078.21
1896,4027.95,3152.78
1961,3609.99,3635.24
2129,3589.74,3726.91
1874,3344.35,5250.16
1891,3993.38,3206.81
1875,3356.31,5237.37
1877,3365.07,5192.28
1882,3361.28,5166.61
1934,3891.42,3355.06
1913,3936.03,3255.55
1880,3376.66,5217.59
1881,3372.1,5267.36
1886,4243.2,3047.35
1889,4191.11,3066.63
1883,3378.99,5259
1885,3367.36,5141.62
1887,3393.69,5241.96
1893,4244.78,3062.2
2657,3512.97,3787.84
1986,3842.1,3489.59
1894,3381.55,5121.5
1929,3436.96,5057.26
1892,3404.59,5278.11
1895,3414.66,5264.79
1900,4297.85,3063.69
1898,3414.74,5219.49
1902,3405.95,5196.18
1923,4218.59,3122.38
1926,4185.05,3160.34
2005,3449.7,4878.83
1901,3430.56,5243.66
1904,3432.74,5294.22
1899,3409.61,5174.77
1906,3438.63,5285.47
1912,4261.34,3099.7
1907,3419.9,5151.97
1910,4351.58,3070.34
1909,3450.62,5267.38
1915,3422.72,5126.01
1935,3464.39,5113.89
1920,4305.1,3087.59
1959,3984.3,3317.97
1942,4157.94,3213.04
1973,4110.13,3279.37
1916,3465.01,5303.6
1922,4353.16,3083.62
1917,3473.53,5289.56
4530,3331.52,4006.42
1918,3448.48,5218.59
1919,3465.26,5241.91
1911,3440.03,5199.16
1927,3466.5,5187.44
1928,4405.46,3085.66
1924,3485.94,5266.42
1997,3936.04,3421.1
1925,3493.57,5318.63
1992,3489.71,4965.17
1931,3498.69,5309.49
1933,3474.66,5155.22
2212,3397.46,4642.46
1932,3508.77,5290.17
1938,4459.67,3092.49
1930,3472.85,5213.15
1936,4372.16,3114.7
1949,4349.16,3134.99
1987,3518.11,5040.3
1939,3525.81,5326.74
1941,3533.26,5312.01
1937,3495.24,5235.15
1940,3519.64,5261.19
1943,4407.88,3105.32
2025,3710.31,3602.38
1947,4457.59,3104
1955,4332.48,3167.14
1945,3543.9,5287
1946,3554.78,5340.78
1976,4321.75,3212.49
1944,3516.76,5219.44
1954,3534.24,5192.85
1952,4512.58,3107.35
1977,3535.67,5103.08
1951,3559.36,5331.3
1953,3568.47,5311
1969,3542.83,5154.19
1993,3999.38,3373.32
1957,4454.95,3124.84
1964,4454.31,3142.26
1956,3551.16,5250.22
1962,4568.62,3114.75
1958,3587.06,5347.7
1963,3579.05,5279.61
1960,3593.92,5332.49
2014,4309.34,3271.64
1966,4504.07,3123.91
1970,3583.02,5231.89
1967,3604.44,5306.43
1965,3616.37,5360.74
1972,4562.11,3125.32
2082,3803.08,3567.78
1978,4456.16,3170.01
3954,3288.12,4409.04
1971,3620.63,5351.07
1975,4621.57,3129.75
1974,3629.46,5330.32
2001,3623.97,5203.33
2013,4464.25,3208.5
1980,3615.82,5267.71
1981,4536.26,3145.05
1979,3648.77,5366.57
2020,4111.81,3355.92
1982,3655.3,5351.17
2302,3710.4,3688.07
1984,4680.02,3137.62
1988,3642.07,5298.46
1999,4557.13,3170.37
1985,3678.39,5378.55
1990,4605.38,3145.94
1989,3666.44,5325.1
4597,3213.71,4250.85
2018,3626.41,5151.65
2004,3658.63,5252.04
1991,3682.41,5368.85
1994,4671.15,3148.29
2066,4278.24,3339.78
1995,3691.12,5348.16
1998,4734.33,3153.15
2046,4481.54,3259.85
2037,3627.67,5096.32
2022,4579.67,3202.97
2000,3710.9,5383.29
2008,3683.52,5287.84
2007,4641.61,3170.01
2003,3717.08,5367.96
2485,3498.98,4744.04
2010,4794.85,3161.27
2006,3740.88,5394.22
2075,4007.4,3491.52
2227,3935.2,3583.2
2081,3620.14,5028.98
2011,3705.78,5317.37
2009,3728.38,5342.52
2015,4716.8,3170.47
2012,3744.59,5384.54
2124,3594.63,4947.37
2051,4073.53,3420.96
2017,4786.34,3172.77
2016,3752.75,5364.16
2963,3463.78,3824.06
2023,4851.34,3177.57
2029,4674.68,3198.65
2019,3773.52,5397.84
2035,3715.83,5238.87
2044,3709.16,5196.35
2200,3553.17,4853.63
2021,3779.09,5382.64
2034,3732.07,5276.69
2024,3803.86,5407.58
2031,4759.18,3196.78
2032,3749.24,5308.38
2026,3789.22,5357.91
2027,3767.59,5335.05
2030,4912.87,3185.8
2028,3807.12,5397.95
2048,4614.03,3244.49
2114,4506.63,3330.68
2038,4836.77,3196.8
2033,3814.21,5377.85
2040,4907.1,3198.53
2068,3721.38,5151.43
2036,3836.59,5410.01
2102,4225.46,3408.85
2039,3841.33,5394.95
2050,4711.75,3232.27
2043,4971.5,3202.87
2041,3867.42,5418.55
2425,3818.13,3643.86
2042,3825.59,5349.93
2045,3849.29,5370.39
2049,3809.68,5327.12
2047,3870.08,5408.96
2057,4798.69,3226.73
2054,5032.55,3211.12
2060,4886.2,3225.83
2053,3799.2,5299.66
2052,3875.88,5388.95
2058,3788.37,5267.31
2067,3785.25,5231.86
2056,3900.21,5419.74
2144,3746.65,5097.65
2064,4964.38,3224.88
2059,3903.97,5404.8
2065,5031.27,3225.1
2061,3931.59,5426.96
2062,3882.63,5360.08
2063,3857.45,5341.82
2070,5092.29,3228.81
2090,3784.47,5195.66
2069,3910.42,5379.94
2103,4673.48,3297.12
2072,3933.47,5417.48
2095,4773.77,3272.75
2073,3861.26,5321.14
2080,4829.73,3255.16
2146,4161.49,3479.59
2074,3938.23,5397.65
2078,3856.88,5291.09
2076,5151.62,3237.21
3992,3456.32,3872.5
2077,3964.42,5426.88
2094,4930.42,3259.64
2085,3843.24,5259.85
2079,3966.85,5412.23
2093,5027.14,3258.79
2084,3996.51,5432.66
2083,3910.2,5343.96
2086,3944.83,5367.26
2092,5096.45,3253.4
2088,5153.93,3251.46
2157,4406.42,3397.3
2116,3872.61,5227.59
2153,3836.14,5165.92
2091,3973.62,5387.64
2089,5210.38,3255.07
4535,3296.3,4372.11
2087,3997.26,5423.39
2099,3935.98,5316.75
2096,4000.59,5404.29
2433,4096.44,3558.62
2098,5268.25,3264.04
2097,4029.43,5431.24
2108,3915.22,5275.84
2100,4029.55,5417.14
2112,4933.95,3292.52
2412,3746.31,5022.4
2104,3981,5349.99
2101,4062.65,5435.5
2111,4012.95,5374.74
2106,4061.67,5426.48
2105,5268.18,3276.68
2110,5221.8,3279.16
2107,5324.44,3281.93
2109,4036.67,5394.33
2117,5177.62,3290.61
2125,5106.09,3307.89
2134,4879.99,3322.37
2113,4060.53,5408.67
2115,4095.79,5432.6
2118,5382.49,3291.77
2139,4026.98,5331.24
2145,4001.94,5297.53
2119,4092.12,5418.97
2120,4130.61,5435.28
2265,4321.7,3464.29
2221,4785.44,3359.21
2137,4056.81,5359.07
2123,5375.58,3303.22
2126,5318.89,3298.21
2127,4127.52,5426.37
2128,5436.93,3310.13
2172,3982.44,5256.28
2121,4087.38,5399.87
2130,4086.67,5382.94
2135,5311.9,3313.91
2158,5083.16,3346.3
2131,4118.55,5409.05
2327,4612.39,3395.46
2133,4164.29,5430.84
2240,3963.35,5202.18
2152,5298.81,3339.89
2132,5495.23,3319.74
2138,4156.39,5417.12
2140,4200.97,5431.97
2136,4136.13,5396.24
4575,3309.65,4035.85
2141,5412.23,3326.99
2143,5487.92,3333.39
4711,3711.12,4930.73
2184,5288.51,3376.79
2148,4196.11,5422.88
2147,5550.72,3338.62
3915,3713.84,3786.03
4010,3611.69,3828.73
2151,4148.98,5382.82
2156,4129.36,5366.02
2149,4180.13,5404.82
2150,5605.73,3346.15
2154,4235.68,5425.96
2267,5030.53,3374.89
2160,5437.28,3357.16
2155,4196.29,5389.67
2166,4105.61,5342.41
2159,4225.02,5411.56
2174,4082.36,5315.12
2162,4274.15,5425.76
2163,5536.62,3363.6
4643,3210.52,4227.68
2164,5610.44,3364.69
2540,3930.41,5115.94
2208,4070.51,5283.7
2587,4244.89,3537.63
2161,5663.12,3364.58
2167,4268.74,5416.24
2168,4249.5,5396.65
2165,5709.37,3368.7
2170,4197.57,5371.58
2195,5467.42,3400.17
2175,4310.4,5418.27
2187,4266.24,5377.68
2189,4182.06,5350.1
2457,4494.62,3449.94
2319,5257.06,3408.18
2180,4300.1,5402.78
2194,5591.32,3405.3
2169,5754.12,3382.1
2173,5744.04,3393.75
2183,4350.18,5416.95
2186,5675.53,3400.4
2171,5810.47,3388.59
2217,4157.74,5326.02
2197,4345.97,5406.92
2214,4330.06,5384.85
2176,5839.48,3401.56
2241,4263.39,5355.59
2179,5935.25,3408.58
2329,4072.93,5245.04
2198,5851.92,3418.33
2213,5809.73,3430.42
4705,4133.18,5303.33
2222,4388.29,5408.13
2201,5937.32,3424.38
2178,6189.01,3395.8
2177,6132.67,3405.04
2181,6053.82,3411.5
2192,6172.83,3404.67
2199,6112.81,3415.56
2182,6231.75,3387.16
2190,6216.87,3394.27
2202,6031.89,3423.67
2238,4382.11,5391.72
2185,6267.43,3380.73
2191,6252.02,3386.72
2233,4428.54,5405.76
2338,5515.11,3461.5
2188,6299.62,3376.8
2196,6284.08,3381.99
2248,5756.81,3450.47
2287,4361.38,5359.61
2193,6329.67,3375.49
2203,6314.51,3379.4
2273,4239.85,5331.85
2205,6240.76,3394.41
2207,6213.08,3405.05
2206,6269.03,3390.67
2218,6170.65,3419.73
2204,6357.86,3377.3
2209,6343.07,3379.53
2296,5669.58,3465.67
2210,6299.42,3387.13
2256,4427,5395.45
2243,5925.19,3447.4
2229,6112.85,3435.7
3747,3668.35,4833.41
2245,6036.77,3452.74
2216,6328.01,3385.58
2211,6384.2,3382.65
2219,6369.79,3383.01
2215,6250.89,3403.14
2220,6284.55,3398.62
2231,6224.74,3421.02
2341,4152.16,5278.91
2224,6354.52,3387.05
2225,6313.59,3395.18
2223,6408.62,3391.67
2226,6394.69,3390.13
3826,3512.56,4667.5
3989,3435.07,4598.62
2277,5901.16,3477.77
2294,4421.96,5372.27
2235,6270.94,3415.94
2228,6339.57,3394.42
2307,4204.88,5306.58
2251,6185.68,3442.86
2230,6379.21,3392.24
2234,6300.96,3407.11
2449,4986.06,3397.54
2473,4810.06,3403.68
2275,4468.3,5395.72
2232,6430.97,3404.3
2237,6417.73,3400.88
2236,6363.15,3397.31
2239,6326.06,3406.3
2242,6402.39,3401.12
3353,4050.23,3646.62
3431,3929.42,3687.84
2244,6348.6,3403.77
2264,6137.07,3465.74
2246,6385.48,3404.58
2260,6255.09,3445.62
2247,6451,3420.41
2249,6438.69,3415.14
2291,4508.12,5392.17
2255,6307.1,3426.49
2250,6366.93,3410.65
2252,6423.91,3413.45
2306,4468.4,5379.19
2254,6343.55,3418.1
2499,4087.5,5196.83
2345,4334.16,5335.17
2253,6407.2,3415.08
2279,6010.94,3486.35
2283,6099.4,3491.69
2257,6388.75,3419.88
2258,6468.36,3439.77
2259,6457.21,3432.73
2358,5889.64,3528.61
2261,6443.31,3429.15
2263,6367.76,3428.06
2276,6211.55,3475.28
2262,6427.24,3428.76
2266,6409.53,3431.45
2269,6341.61,3440.17
2280,6308.81,3458.36
2320,4509.73,5381.94
2270,6390.71,3437.45
2268,6482.79,3462.13
2271,6473.01,3453.45
2272,6460.21,3448.04
2293,6274.55,3485.12
2274,6444.99,3445.72
2278,6427.9,3446.23
2281,6371.14,3449.09
2298,6173.88,3501.82
2994,4397.98,3517.29
2282,6409.75,3449.26
2467,5188.6,3418.65
2284,6485.81,3476.94
2286,6494.02,3487.2
2295,6348.37,3467.1
2288,6392.86,3454.23
2285,6474.38,3469.85
2289,6460.23,3465.81
2389,4298,5310.48
2290,6443.84,3464.49
2339,4548.85,5380.92
2316,6240.84,3515.96
2325,6011.32,3528.66
2292,6425.79,3465.36
2312,6089.14,3525.16
2308,6323.69,3491.33
2300,6382.04,3473.89
2297,6406.51,3468.08
2321,6146.33,3523.72
2299,6485.58,3494.19
2303,6495.36,3502.96
2301,6472.85,3488.54
2304,6501.82,3514.78
2385,4474.94,5349.95
2408,4439.74,5333.53
2305,6457.51,3485.83
2309,6439.99,3485.26
2352,4587.54,5375.96
2310,6421.04,3485.77
2335,6305.07,3529.4
2374,4515.85,5359.78
2313,6360.07,3495.54
2445,5793.06,3553.14
2311,6402.98,3486.39
2340,6205.82,3543.64
2314,6482.65,3513.3
2315,6493.54,3520.7
2322,6388.76,3502.63
2318,6468.87,3509.41
3738,3820.79,3737.06
2317,6501.39,3531.35
2323,6505.91,3544.78
2324,6452.35,3508.28
2372,4554.67,5364.92
2424,4249.6,5282.21
2330,6342.82,3517.74
2328,6433.39,3508.26
2326,6412.41,3507.36
2364,6103.38,3564.24
2366,6161.23,3561.14
2333,6371.76,3525.92
2331,6489.25,3539.61
2334,6477.7,3534.05
2332,6497.89,3549.34
2361,6271.88,3565.39
2336,6503.62,3562.11
2337,6463.06,3532.89
2516,5433.29,3472.12
2378,4591.74,5366.08
2343,6399.77,3531.94
2342,6506.09,3577.2
2344,6445.16,3534.1
2399,6071.02,3594.57
2346,6424.09,3534.48
2678,4672.11,3437.79
2452,4183.46,5246.48
2351,6350.99,3551.41
2347,6492.03,3567.71
2348,6483.35,3558.72
2349,6498.3,3580.39
2363,6385.01,3561.01
2350,6471.76,3556.45
2375,6328.44,3583.46
2354,6501.88,3595.31
2355,6456.29,3560.89
2533,5692.81,3556.43
2388,4628.28,5363.42
2391,6238.56,3598.34
2357,6502.33,3611.89
2365,6412.84,3565.12
2362,6436.48,3565.17
2460,4403.64,5312.22
2356,6484.34,3585.01
2359,6490.52,3598.58
2360,6477.43,3575.26
2367,6494.7,3614.11
2368,6466.48,3582.51
2384,6370.19,3595.38
2394,4665.5,5356.75
4032,3383.28,4535.78
4166,3347.87,4483.17
2370,6496.35,3630.82
2373,6449.49,3599.35
2369,6474.6,3598.86
2371,6480.55,3615.65
2377,6494.92,3648.61
2481,6021.02,3634.64
2376,6485.09,3633.11
2404,6310.27,3625.8
2380,6426.48,3601.89
2383,6401.31,3600.79
2410,6181.83,3615.97
2381,6487.56,3650.54
2379,6463.84,3609.06
2382,6468.63,3630.24
2386,6487.44,3668.37
2387,6473.17,3652.25
2411,4638.1,5348.06
2419,4604.86,5344.98
2390,6454.61,3638.56
2395,6437.53,3641.85
2432,4571.07,5338.41
2402,6359.85,3637.57
2392,6476.51,3671.44
2393,6484.23,3687.22
2414,4671.1,5347.46
2398,6417.2,3643.37
2396,6477.53,3689.04
2397,6459.06,3671.12
2400,6392.73,3642.19
2461,4540.62,5327.59
2401,6475.53,3707.65
2403,6462.91,3695.86
2422,4705.21,5342.82
2512,4357.07,5287.64
2407,6444.08,3683.78
2463,6298.1,3682.01
2405,6465.93,3711.59
2406,6470.34,3727.86
2428,4741.22,5334.02
2413,6429.02,3688.17
2409,6465.19,3728.05
2418,6445.52,3730.07
2420,6412.51,3689.39
2480,6216.44,3699.24
2426,6392.33,3690.62
2415,6460.49,3748.89
2430,6362.51,3691.82
2417,6451.41,3742.53
2416,6455.71,3746.29
2421,6452.67,3771.12
2427,6433.98,3736.87
2503,4524.88,5308.54
2423,6449.65,3768.37
2440,4717.02,5328.37
2446,4689.44,5326.74
3337,3877.15,5009.06
2434,6424.78,3737.67
2442,4746.07,5325.98
2431,6441.53,3792.9
2429,6439.99,3784.04
2436,6433.08,3791.24
2439,6428.96,3793.5
2462,4660.6,5322.56
2438,6415.63,3738.17
2437,6430.71,3817.42
2450,4778.96,5318.68
2435,6429.49,3814.24
2600,4303.31,5256.47
2443,6407.97,3748.31
2448,6426.95,3791.94
2455,4815.14,5306.88
2444,6414.2,3845.77
2490,6404.27,3770.24
2441,6418.94,3839.71
2484,4630.35,5316.67
3362,4180.08,3617.16
2456,6426.84,3785.41
2447,6409.09,3858.81
2454,6412.12,3854.47
2453,6405.33,3867.72
2458,6426.62,3781.78
2465,6417.29,3856.94
2468,4788.58,5306.73
2474,4768.74,5305.28
2459,6393.46,3890.61
2471,4815,5301.77
2488,6443.85,3820.71
2464,6386.84,3905.04
2469,6385.47,3915.45
2567,5966.35,3676.78
2487,4747.5,5301.57
2475,6428.33,3844.37
2641,5126.51,3417.73
2859,4970.57,3412.52
2479,4850.67,5289.83
4329,3331.18,4445.23
2903,4236.85,5213.33
2472,6375.17,3924.4
2477,6390.43,3926.67
2483,4889.15,5273.5
2476,6435.48,3822.11
3140,4557.92,3492.74
2478,6361.75,3950.44
2569,4469.2,5290.2
2508,4603.68,5309.76
2502,4720.71,5297.82
2507,6370.51,3776.11
2482,6353.55,3971.85
2495,6411.42,3931.89
4446,3440.29,3925.26
2686,5295.34,3441.97
2486,4844.64,5286.75
2496,4839.44,5282.23
2491,6352.11,3991.19
2492,4880.56,5273.13
2489,6337.4,3990.87
3015,4835.51,3427.13
2506,4830.37,5276.44
2494,6446.38,3880.02
2505,6359.92,4011.63
2493,6320.76,4022.19
2497,4923.4,5254.11
2554,6383.54,3835.56
2555,6186.79,3759.18
2498,6310.85,4049.16
2500,4965.92,5232.38
2528,4686.1,5294.98
4158,3630.51,4739.55
2501,4898.77,5259.56
2526,4815.17,5271.29
2513,6477.05,3843.09
2517,6502.21,3901.96
2504,6289.15,4068.37
2519,6467.34,3833.02
2511,6308.69,4074.25
2509,4950.93,5236.08
2510,6268.88,4104.18
2520,6451.3,3960.81
2523,6381.32,4044.48
2514,4905.15,5249.15
2515,5001.17,5210.6
2518,6258.12,4133.21
3254,4139.94,5152.32
2522,5048.19,5183.39
2525,4970.62,5220.69
2560,4784.82,5270.81
2566,4637.43,5292.47
2646,4581.07,5285.8
2521,6229,4156.2
2524,6311.65,4102.82
2539,4906.01,5239.92
2534,6451.32,3839.84
2530,5029.75,5190.78
2529,6204.42,4195.72
2527,6256.24,4157.21
2881,4419.93,5267.04
2541,6560.38,3891.98
2543,4984.69,5207.54
2532,5085,5159.13
2876,5618.92,3539.82
2956,5461.54,3479.37
2549,6517.33,3980.86
2565,6613.06,3938.64
2531,6198.42,4218.52
2544,6533.4,3879.65
2545,6443.96,4027.5
2535,6152.59,4256.35
2538,5135.81,5127.68
2542,6310.54,4140.41
2548,6358.17,4108.2
2550,6399.29,4073.78
2537,6251.74,4188.19
2546,5052.87,5173.78
2591,4901.7,5232.2
2536,6207.23,4225.64
2624,4740.08,5273.56
2547,6118.21,4305.77
2552,5115.26,5138.72
2551,6145.03,4293.12
2556,5174.81,5101.63
2890,5827.83,3637.8
2570,6495.51,3876.82
2557,6057.2,4367.49
2553,6182.72,4270.16
2564,6240.14,4231.99
2561,5231.27,5064.45
2593,4998.24,5195.22
3546,4048.22,5075.76
2592,6638.69,3922.54
2604,6684.02,3928.36
2563,6318.26,4165.76
2582,5072.92,5159.67
2599,6580.53,3917.05
2558,6478.81,4034.14
2559,6430.67,4072.43
2577,5139.3,5123.07
2571,6059.47,4383.51
2573,6008.56,4425.4
2562,6377.82,4116.98
2576,6527.57,4023.17
2580,6598.7,3981.8
2568,6102.15,4354.69
2579,5205.38,5082.33
2572,6147.75,4326.52
2625,6522.33,3914.73
2705,6475.1,3930.39
2741,6347.94,3890.96
2756,6183.23,3820.98
2581,5272.18,5037.5
2583,5947.68,4482.59
2575,6469.18,4068.15
2574,6409.96,4114.77
2692,4845.47,5246.2
2585,5337.83,4991.28
2578,6346.26,4167.05
2584,6274.56,4228.49
2588,6193.05,4303.15
2612,6688.67,3953.27
2633,6733.93,3935.57
2811,4689.48,5273.83
2946,6056.56,3778.63
2586,6015.42,4441.91
2590,6060.18,4412.57
2926,4529.94,5272.2
2589,5965.39,4479.6
2595,6105.81,4385.67
2594,5901.63,4533.22
2596,6448.82,4105.95
2598,6382.52,4157.9
2597,6513.72,4059.02
2602,6581.94,4016.46
2614,5226.02,5070.74
2622,5158.42,5112.32
2601,6312,4216.79
2611,5300.64,5020.62
2620,6657.68,3980.51
2610,5379.2,4963.8
2635,5099.53,5144.44
2606,5821.51,4603.72
2609,6235.1,4284.77
2608,5465.03,4898.82
2603,5930.34,4524.59
2607,5972.86,4495.69
3419,4312.35,3593.23
2616,6152.22,4360.21
2605,5874.42,4568.48
2615,6014.89,4470.24
2736,5021.74,5180.81
2808,4940.58,5214.55
2638,6716.79,3938.85
2664,6667.63,3952.75
2677,6721.68,3953
2613,5789.93,4638.8
2626,6064.14,4440.63
2618,6490.15,4092.87
2619,6421.95,4143.09
2623,6558.59,4047.78
2621,6351.96,4199.06
2682,6619.15,3959.06
3058,4374.32,5235.4
2627,6278.96,4261.72
2634,6629.44,4007.88
2617,5861.21,4589.64
2629,5890.2,4571.32
2651,6758.63,3934.67
2663,6760.71,3940.66
2628,5795.58,4644.26
2630,5644.19,4759.57
2632,5923.37,4552.22
2631,5495.6,4879.99
2636,6197.02,4336.71
2640,5400.08,4953.69
2656,5316.97,5014.48
2650,6739.03,3951.99
2670,6783.82,3934.36
2639,5699.88,4722.99
2658,5232.07,5070.32
2647,5960.64,4533.45
2649,6115.19,4409.16
2637,5812.78,4638.53
2643,6461.43,4124.7
2644,6530.66,4076.8
2642,6391.79,4177.72
2659,6702.45,3973.91
2645,6321.8,4235.21
2662,5176.85,5104.12
2653,6600.12,4033.93
2898,4797.45,5254.4
2732,6573.76,3971.81
2660,6033.67,4483.83
2655,6253.1,4295.76
2652,5731.91,4705.53
2648,5837.5,4625.96
2654,5589.76,4812.62
2666,5491.17,4891.1
2665,5861.37,4615
2673,6802.81,3930.51
2675,6800.67,3933.86
2668,6669.94,3996.26
2845,5164.5,5112.81
2661,6146.89,4392.02
2667,6194.22,4351.83
2671,5756.72,4693.1
2684,6773.37,3954.01
2674,5644.63,4776.5
2694,5413.18,4951.2
3011,5220.65,3423.64
3059,5094.54,3412.68
2669,6429.35,4153.78
2672,6359.6,4208.78
4706,6499,4103.43
2679,6568.44,4057.94
2680,6292.2,4265.81
2962,4636.7,5269.47
2695,5949.33,4556.88
2696,5874.46,4613.73
2690,5777.18,4683.84
2676,6094.19,4440.55
2687,6774.46,3945.48
2700,6821.13,3927.61
2699,6808.51,3940.33
2689,5678.3,4756.72
2685,6637.58,4017.35
2688,5559.44,4844.64
4707,6230.98,4321.14
2722,5285.05,5040.13
2742,5357.4,4993.75
4097,3527.21,3857.97
2714,5223.7,5078.12
2693,6738.35,3964.03
2701,6050.13,4481.73
2704,5999.27,4522.55
2681,6124.8,4418.44
2683,6152.71,4394.21
2716,6817.34,3951.41
2743,6741.24,3979.24
2767,6698.79,3988.75
2717,5792.17,4678.9
2712,5484.83,4903.46
2702,6181.01,4369.06
2706,6705.52,3981.93
2707,6843.45,3925.43
2709,6851.96,3920.88
2715,5699.33,4746.46
2703,6845.87,3929.94
2710,5604.74,4815.51
2719,6849.79,3936.99
2691,6104,4438.99
2698,6081.71,4458.13
2747,6786.81,3973.58
3290,4723.53,3463.47
2697,6122.02,4424.95
2835,6665.71,4011.84
4708,6142.52,4407.01
2759,6829.98,3967.76
3034,5337.95,3440.8
2721,6801.96,3937
2725,6837.33,3922.36
2724,5538.16,4867.99
2735,5628.87,4802
2744,5712.88,4741.79
2708,6093.9,4450.76
2929,4907.83,5225.07
2727,6769.8,3951.57
4709,5424.72,4949.65
2729,5946.01,4567.55
2740,5878.79,4618.36
2748,5801.1,4678.18
2713,6110.4,4437.61
2711,6062.93,4476.56
2745,6857.12,3946.96
2730,6879.41,3912.59
2738,6876.4,3910.27
2718,6025.54,4506.57
2728,6884.63,3924.12
2737,6887.48,3931.72
2723,5987.99,4536.84
2804,6541.51,3990.12
2852,6476,3981.22
2733,6885.8,3917.85
2720,6078.64,4465.54
2734,6891.74,3912.64
2746,5574.84,4843.66
2726,6044.04,4494.16
2758,5477.96,4914.76
2798,5256.1,5060.46
2766,5638.44,4799.64
2771,6867.88,3960.54
2777,5723.04,4739.16
2731,6005.5,4525.04
2762,6892.5,3941.29
2749,6857.4,3914.67
2750,6828.56,3926.01
2794,5319.14,5022.56
2739,5960.21,4559.92
2775,5523.31,4884.56
2757,6887.33,3904.88
2753,6918.34,3917.33
2760,6920.72,3925.28
2754,5897.29,4607.75
2752,6913.17,3902.38
2755,6915.9,3906.22
2870,6612.85,4027.03
2751,6917.93,3910.88
2782,5574.42,4848.23
2904,5024.73,5182.08
2776,6924.56,3934.87
2761,6916.07,3897.96
2780,5800.17,4683.1
2909,6313.85,3927.72
2930,6414.59,3984.36
2797,5380.71,4983.33
2816,6803.15,3999.01
2824,6763.25,4009.48
2805,5643.24,4800.91
2783,6899.98,3952.88
2815,6845.03,3989.53
2809,5733.28,4734.76
2769,6879.43,3905.6
2770,6903.5,3898.36
2764,6944.94,3910.71
2765,6943.17,3904.65
2763,6942.79,3899.35
2768,6942.78,3894.49
2774,6948.69,3918.3
2943,6225.74,3895.45
2773,6926.34,3893.21
2790,5430.4,4950.63
2807,5462.31,4930.6
2812,6882.94,3978.57
2786,6953,3927.84
2772,6943.44,3890.69
2793,6929,3945.94
2779,6966.27,3899.98
2781,6967.59,3894.13
2778,6963.17,3905.35
2787,6969.96,3911.3
2827,5568.6,4856.89
2848,6730.04,4020.91
2784,6965.79,3889.18
2789,6922.73,3891.56
2788,6941.93,3887.79
2817,6913.07,3966.67
2785,6957.44,3887.11
2796,6976.52,3920.28
2825,5507.66,4900.45
2802,6956.89,3939.14
2832,5651.19,4798.5
2791,6982.76,3904.39
2792,6988.45,3897.55
2836,5686.11,4773.14
2795,6989.24,3891.09
2810,6932.99,3956.91
2799,6984.64,3886.21
2801,6974.6,3883.71
2814,6981.72,3931.49
2803,6993.81,3912.43
2800,6959.93,3883.63
2838,5400.67,4973.77
2806,7004.51,3904.54
2813,7009.28,3896.9
2821,6959.03,3951.94
2842,5347.38,5007.72
2867,5283.43,5047.56
2818,7008.44,3890.03
2822,7001.81,3923.27
2819,7002.24,3884.96
2820,6991.38,3882.06
2829,6984.95,3944.42
2823,7016.27,3914.75
2900,6563.99,4041.98
2864,5560.42,4867.11
2826,7024.93,3906.22
2860,5429.49,4957.59
2834,6955.61,3967.68
2988,4744.68,5259.02
2839,6931.42,3983.86
2856,6903.1,4003.44
2828,7027.9,3898.05
2833,7007,3936.27
2857,6857.46,4015.29
2862,6818.64,4027.44
2830,7025.28,3890.98
2831,7017.57,3885.78
2844,6985.63,3958.59
2837,7024.29,3927.58
2840,7036.28,3918.56
2875,6781.25,4041.98
2873,5482.78,4922.77
2841,7042.72,3909.57
2843,7043.54,3901.13
2846,7009.23,3950.81
4710,7038.86,3894.04
2894,5555.64,4874.04
2847,7028.72,3942.4
2850,6986.63,3971.68
2861,6971.56,3984.47
2893,6735,4052.85
2908,6684.06,4062.9
2849,7043.48,3933.36
2882,5349.17,5010.53
2872,6954.01,4002.32
2851,7052.98,3923.97
2853,7056.96,3914.68
2854,7055.25,3906.2
2855,7008.38,3966.12
2918,5259.37,5068.67
2977,5129.41,5146.9
2858,7029.48,3958.67
2863,7046.61,3950.02
2865,7058.82,3940.63
2868,7002.05,3981.95
2866,7065.63,3930.93
2931,6507.45,4051.18
2869,7066.71,3921.53
2871,7026.13,3975.95
2885,6901.97,4030.82
2886,6941.12,4023.66
2892,6865.84,4041.5
2874,7045.69,3968.07
3167,4965.46,3417.34
2917,5369.1,5004.34
2878,6990.33,3999.34
2897,6834.24,4057.25
2877,7060.35,3959
2916,5456.43,4947.53
2879,7069.71,3949.23
2880,7073.36,3939.31
2883,7018.52,3994.26
2939,6641.72,4084.21
2884,7040.78,3987.19
2891,6977.71,4018.96
2887,7057.79,3978.63
2927,6799.79,4083.71
2998,5706.63,3573.76
3006,5588.72,3521.25
2888,7069.45,3969.03
2895,7007.98,4013.78
2889,7075.4,3958.86
3047,4487.21,5253.11
2896,7032.44,4007.23
2899,7051.51,3999.18
2905,6934.59,4046.22
2912,6902.06,4054.55
2906,6966.81,4039.85
2901,7065.2,3989.87
2902,7073.19,3979.65
3024,5933.3,3707.68
3036,5817.75,3632.83
2907,6996.31,4034.3
2911,6873.57,4063.27
2940,6742.69,4095.51
2951,5419.76,4981.13
2910,7021.61,4028.03
2913,7042.09,4020.43
2928,6859.48,4084.89
3004,4857.45,5239.84
2914,7057.42,4011.45
2966,6598.07,4119.31
2915,7067.15,4001.28
3404,4334.04,5186.22
3002,4980.58,5207.6
2920,6957.47,4060.27
2922,6929.62,4067.52
2919,6984.22,4055.04
2921,7008.98,4049.26
2947,6700.02,4105.77
2955,6383.23,3999.4
2972,6326.08,3977.83
2923,7030.09,4042.16
2932,6898.97,4077.25
2924,7046.6,4033.53
2925,7057.76,4023.47
2964,5345.87,5033.4
2973,5255.13,5087.37
2933,6970.94,4074.83
2935,6994.5,4070.49
2934,6949.37,4077.14
2936,7015.78,4064.17
2941,6926.89,4088.55
2938,7033.09,4055.98
2937,7045.44,4046.05
3054,4586.89,5259.79
2953,6848.7,4123.19
2960,6790.26,4129.39
2944,6894.44,4103.34
2967,6454.34,4057.31
2982,6532.19,4123.89
2942,6952.87,4092.98
2945,6977.12,4091.38
2948,6998.95,4086.34
2950,7017.05,4078.74
2949,7030.45,4068.96
2974,6684.97,4147.82
2968,6740.28,4137.74
2952,6927.72,4111.28
2954,6955.7,4112.41
2984,6278.86,3963.36
3009,6193.6,3906.97
2961,6897.02,4133.03
2958,6979.26,4108.83
3030,6063.35,3807.35
2959,6998.48,4101.88
2957,7012.94,4092.26
2992,5316.05,5066.61
2965,6930.63,4135.08
2975,6868.06,4161.96
2978,6824.31,4164.43
2970,6956.85,4132.27
2986,6402.82,4051.38
3094,5526.54,3487.7
3128,5426.34,3453.25
2969,6993.1,4116.12
2971,6977.56,4125.73
2985,6778.73,4170.66
2976,6904.42,4161.21
3076,4688.87,5258.23
3016,5253.54,5110.34
2980,6932.85,4157.64
2995,6654.43,4198.41
3007,6595.23,4186.92
3013,6480.67,4134.52
2983,6738.26,4176.21
2979,6971.4,4140.91
2981,6954.96,4150.84
3003,6349.48,4032.07
3041,5168.01,5157.61
2997,6715.44,4211.94
2991,6880.14,4191.38
2993,6845.64,4196.56
2990,6908.93,4185.69
3106,5048.46,5209.35
2996,6806.94,4203.24
2987,6948.64,4167.12
2989,6931.68,4177.8
3020,6551.05,4193.27
2999,6765.13,4211.51
3022,6297.2,4007.05
3026,6418.47,4108.35
3000,6925.67,4195.16
3102,4798.07,5250.44
3001,6908.71,4206.89
3005,6886.27,4216.27
3008,6858.85,4224.21
3038,5239.69,5138.58
3010,6827.4,4232.13
3634,4457.16,3570.68
3028,6691.52,4273.05
3032,6634.66,4250.04
3012,6792.83,4242.29
3019,6751.5,4262.93
3057,5758.2,3594.97
3065,5626.98,3527.73
3085,5705.47,3563.35
3014,6903.08,4225.14
3017,6886.54,4237.97
3123,4915.44,5235.63
3039,6369.83,4085.52
3018,6865.08,4248.6
3029,6594.45,4235.49
3021,6839.79,4257.81
3050,6173.82,3910.01
3056,6257.56,3989.46
3023,6812.25,4266.51
3136,5273.34,3419.64
3142,5193.13,3409.84
3025,6786.2,4275.39
3043,6474.37,4186.22
3045,6525.28,4220.13
3027,6881,4256.89
3327,4870.15,3431.87
3083,5191.02,5175.18
3031,6864.95,4270.56
3033,6844.71,4281.82
3040,6769.59,4304.83
3046,6732.67,4319.33
3055,6572.25,4257.57
3035,6821.66,4290.88
3060,6331.44,4066.78
3037,6797.39,4298.09
3069,5957.82,3725.5
3073,5874.68,3665.85
3061,6428.31,4160.6
3042,6859.02,4290.18
3051,6652.9,4316.43
3064,6691.9,4350.15
3052,6612.56,4288.24
3086,6102.81,3847.8
3099,6023.18,3777.54
3044,6843.32,4304.37
3049,6824.07,4315.38
3188,5346.74,3427.5
3053,6803,4322.68
3088,5803.9,3618.79
3048,6783.52,4325.44
3104,5192.75,5198.9
3072,6390,4138.87
3063,6758.86,4345.13
3160,5125.17,5213.65
3062,6836.46,4324.99
3070,6513.69,4259.36
3081,6473.94,4233.01
3066,6820.72,4339.48
3074,6553.57,4288.36
3079,6725.41,4377.24
3207,4547.49,5247.32
3240,4466.1,5229.46
3068,6780.92,4353.33
3067,6801.75,4349.56
3071,6228.17,3967.14
3075,6203.45,3944.42
3089,6165.97,3909
3084,6623.97,4349.67
3092,6655.68,4385.17
3078,6590.3,4318.3
3216,4632.2,5250.84
3080,6309.65,4058.69
3082,6266.82,4011.58
3098,5754.76,3587.76
3243,5130.21,3402.66
3269,5051.99,3405.63
3090,6360.69,4121.7
3096,6437.88,4209.58
3087,6812.59,4361.74
3093,6753.42,4387.4
3117,6685.93,4426.94
3146,5659.18,3532.4
3177,5572.26,3490.49
3091,6796.34,4376.67
3095,6776.61,4386.03
3113,5896.55,3677.11
3118,5952.97,3718.98
3103,6541.17,4324.91
3108,6507.95,4301.78
3097,6237.62,3982.6
3109,6407.3,4188.44
3119,5836.24,3634.99
3107,6572.53,4348
3100,6210.05,3955.96
3236,4735.36,5252.33
4552,3417.07,3974.26
3110,6600.26,4375.81
3122,6722.04,4431.19
3105,6298.7,4055.34
3111,6339.73,4107.82
3121,6475.74,4278.73
3101,6267.56,4018.37
3184,5161.22,5228.86
3129,6625.07,4411.57
3139,5724.37,3566.12
3112,6125.77,3871.83
3120,6062.69,3812.84
3114,6787.03,4401.41
3133,5779.59,3598.32
3116,6179.25,3925.99
3127,6382.34,4168.87
4712,6769.89,4417.5
3149,6646.82,4453.29
3124,6748.6,4427.77
3195,5479.81,3455.92
3132,6446.58,4256.05
3115,6248.39,3999.75
3134,5997.61,3755.04
3126,6224.18,3975.37
3125,6284.46,4043.58
3255,4846.5,5251.27
3137,6560.42,4383.28
3144,6532.79,4366.4
3189,5173.3,5249.51
3131,6322.27,4092.8
3256,4959.72,5247.77
3261,5056.29,5248.93
3130,6583.06,4394.97
3153,6504.65,4346.14
3147,6421.27,4233.61
3148,6599.66,4429.7
3145,6361.61,4149.21
3138,6149.46,3896.37
3141,6092.85,3840.94
3151,5900.59,3675.63
3154,5855.05,3643.23
4713,6759.84,4445.26
3135,6264.75,4023.54
3143,6199.01,3948.9
3164,6691.56,4487.09
3173,6660.29,4500.99
3158,5939.59,3705.41
3169,5804.43,3609.02
3155,6032.04,3784.9
3163,6478.08,4323.75
3162,6719.21,4477.01
3157,6741.79,4463.56
3150,6303.8,4073.4
3152,6242.95,3999.13
3161,6399.48,4210.77
3241,5401.84,3429.95
3170,6616.69,4472.7
3165,6575.86,4435.12
3159,6342.59,4127.63
3171,6454.15,4300.06
3181,5750.83,3575.4
3168,5972.87,3732.69
3156,6283.99,4049.72
3208,5243.3,3406.32
3222,5294.93,3410.5
3175,6550.99,4427.59
3197,5693.24,3542.01
3623,4603.1,3522.22
3260,5193.62,3395.65
3180,6525.84,4412.14
3172,6380,4186.58
3227,5629.88,3507.28
3178,6433.03,4275.22
3182,6589.99,4484.77
3192,6629.68,4518.98
3166,6323.63,4102.85
3174,5864.34,3646.3
3179,5890.88,3665.32
3185,6501.99,4391.46
3190,5825.27,3618.79
3183,6731.4,4494.16
3191,6712.74,4515.36
3187,5919.4,3687.41
3176,6361.55,4159.83
3258,5121.04,5258.64
3186,6414.22,4249
3196,6689.93,4533.05
3194,6480.25,4367.59
3201,6663.76,4549.53
3199,6564.56,4487.11
3326,4968.33,3413.15
3202,5776.67,3586.5
3204,6601.65,4534.35
3200,6460.88,4341.62
3193,6396.94,4220.61
3211,6636.11,4566.34
3198,5846.88,3631.38
3206,6540.44,4478.25
3265,5510.38,3451.73
3279,5569.45,3472.94
3203,6443.68,4313.93
3209,5871.45,3648.74
3210,6518.59,4460
3220,5723.89,3553.52
3215,6574.63,4546
3214,6702.01,4548.01
3249,5158.39,5273.56
3213,6499.25,4436.23
3205,6428.21,4284.11
3264,5341.81,3412.09
3237,5177.03,5291.73
3212,5800.85,3598.86
3221,6683.07,4572.03
3223,6608.97,4582.39
3217,6482.27,4409.54
3299,5437.74,3424.55
3226,6660.63,4593.16
3248,5668.44,3520.66
3225,5824.84,3613.69
3224,6549.04,4547.28
3218,6467.37,4380.78
3233,6635.83,4612.44
3231,5751.38,3566.15
3219,6454.35,4349.85
3228,6582.79,4597.47
3230,6527.71,4531.88
3310,4566.5,5236.08
3271,5258.97,3397.52
3229,6510.79,4506.69
3238,6610.32,4629.64
3242,5776.86,3580.5
3232,6496.61,4478.86
3239,6671.69,4605.92
3244,6553.04,4621.19
3335,4668.89,5243.92
3235,6484.55,4449.14
3234,6474.47,4417.36
3262,5699.64,3533.79
3246,6652.48,4632.11
3272,5301.86,3400.95
3245,6585.92,4643.62
3259,6527.6,4615.39
3257,6630.17,4655.46
3285,5613.34,3488.5
3250,6565.61,4653.3
3252,6503.25,4549.56
3253,6514.02,4580.07
3277,5726.95,3547.99
3251,6494.56,4518.7
3263,6605.89,4676.17
3247,6487.84,4486.18
3354,4778.32,5251.82
3283,5197.41,5325.78
3296,5174.97,5310.15
3267,6581.43,4692.65
3275,6640.09,4666.78
3409,4488.72,5211.63
3307,5374.68,3408.4
3341,5114.23,3390.99
3268,6540.52,4697.99
3276,6524.38,4686.97
3274,6559.02,4702.08
3280,6620.36,4694.55
3266,6493.83,4555.83
3292,5647.49,3502.37
3314,5139.34,5295.68
3270,6496.78,4588.88
3273,6501.55,4620.69
3278,6507.53,4652.43
3668,4204.6,5120.13
3367,4891.33,5260.71
3357,4998.09,5271.32
3284,6597.44,4719.78
3330,5082.89,5283.07
3281,6511.44,4684.12
3338,5233.87,3384.5
3386,5178.39,3379.88
3301,5676.03,3516.49
3288,6572.1,4742.48
3308,5326.65,3397.09
3312,5523.34,3443.88
3317,5476.02,3425.49
3282,6491.9,4625.76
3291,6547.7,4757.42
3287,6508.61,4757.07
3293,6525.67,4762.93
3360,5035.74,3397.59
3286,6490.81,4658.98
3315,5283.01,3389.56
3289,6491.48,4690.67
3297,6606.92,4729.54
3295,6498.53,4741.95
3294,6493.44,4720.01
3318,5563.67,3458.83
3300,6586.3,4758.61
3298,6481.8,4695.58
3319,5229.97,5352.98
3333,5203.96,5339.52
3303,6561.64,4786.61
3322,5597.62,3472.55
3302,6476.67,4728.62
3305,6474.72,4811.96
3316,6481.42,4836.11
3311,6530.68,4817.46
3304,6473.49,4759.54
3542,4816.74,3448.57
3675,4710.78,3489.48
3309,6509.8,4822.23
3334,5626.01,3486.24
3306,6472.51,4787.4
3358,5170.13,5325.88
3320,6572.21,4793
3313,6463.44,4765.09
3348,5388.89,3398.43
3365,5428.45,3404.38
3323,6550.65,4822.96
3321,6454.19,4797.92
3329,6524.8,4853.42
3324,6447.03,4828.79
3325,6442.03,4858.01
3331,6439.04,4886.93
3355,5346.9,3390.52
3356,5307.52,3383.18
3328,6495.66,4867.77
3336,6470.61,4887.09
3437,4596.84,5226.27
3339,6495.32,4887.49
3347,5493.79,3423.88
3350,5522.1,3433.59
3332,6436.52,4834.32
3376,5125.81,5313.84
3379,5265.84,3376.41
3342,6434.87,4919.94
3383,5458.48,3407.52
3359,5552.12,3445.4
3361,5271.8,5376.18
3377,5242.12,5363.36
3343,6536.33,4855.56
3340,6422.95,4867.21
3371,5578.89,3458
3346,6514.26,4885.39
3344,6411.38,4898.85
3345,6401.65,4929.99
3434,4976.31,3404.42
3467,4909.13,3422.24
3351,6464.71,4920.06
3352,6488.49,4915.52
3435,5054.83,5300.71
3364,6393.57,4961.33
3349,6400.82,4903.21
3393,5205.58,5349.73
3487,4704.94,5239
3363,6430.53,4951.9
3878,3999.82,4990.69
3883,3829.32,4914
3415,5220.36,3370.59
3368,6460.06,4945.65
3366,6382.74,4936.33
3443,5076.44,3382.7
3453,5129.89,3374.45
3375,6387.7,4991.74
3370,6499.59,4915.56
3369,6366.3,4969.06
3378,6351.9,5001.55
3373,6477.27,4943.98
4714,5484.42,3412.61
3390,5353.84,3380.84
3405,5387.11,3384.83
3374,6356.47,4971.2
3395,5510.68,3421.43
3372,6428.99,4975.6
3380,6451.62,4971.79
3836,4133.92,3699.69
3935,4027.1,3736.76
3521,4823.4,5256.08
3389,5325.3,3377.94
3414,5293.36,3370.52
3508,4941.46,5276.84
3401,5167.95,5336.82
3407,5535.25,3432.33
3479,5023.85,3389.47
3396,5322.65,5395.08
3411,5288.74,5383.39
3797,4243.46,3671.11
3381,6389.83,5012.32
3388,6340.36,5033.51
3416,5418.28,3388.85
3384,6333.55,5004.55
3382,6423.84,4998.29
3394,6310.96,5039.21
3387,6461.99,4971.84
3385,6398.04,5020.34
3392,6439.29,4998.16
3391,6304.2,5036.82
3398,6330.91,5066.93
3461,5137.68,5331.19
3429,5247.83,5369.36
3403,6292.97,5071.92
3446,5253.71,3363.34
3397,6413.22,5023.57
3400,6356.67,5062.54
3399,6384.07,5047.47
3428,5445.75,3393.5
3402,6275.62,5070.66
3468,5175.18,3365.37
3406,6423.36,5023.93
3413,6279.22,5103.02
3425,5320.33,3368.12
3449,5349.57,3368.98
3412,6246.69,5097.16
3408,6400.16,5048.02
3441,5197.77,5352.8
3426,6239.48,5113.11
3433,5471.15,3400.23
3447,5494.13,3409.29
3424,5381.2,5410.4
3445,5344.62,5399.92
3410,6372.85,5071.83
3418,6297.66,5120.14
3420,6258.71,5140.17
3417,6332.94,5102.82
3427,6213.59,5129.12
3430,6230.04,5136.7
3683,4437.36,5180.23
3737,4325.94,5140.64
3460,5378.92,3371.55
3422,6383.61,5071.67
3423,6360.82,5092.87
3622,4533.03,5204.84
3421,6338.8,5110.25
3466,5300.07,5386.38
3432,6187.93,5148.4
3438,6216.22,5164.22
3464,5283.4,3358.53
3498,5212.05,3357.23
3471,5406.35,3375.44
3436,6300.44,5144.44
3439,6273.47,5157.85
3444,6226.62,5185.24
3805,4351.4,3649.81
3454,6195.2,5196.5
3440,6319.84,5133.6
3442,6342.12,5115.72
3455,5445.36,5422.76
3475,5408.08,5413.55
3499,5312.11,3356.48
3451,6176.27,5172.76
3452,6171.1,5167.15
3448,6155.32,5174.39
3482,5431.46,3381.02
3494,5245.62,5369.71
3458,6170.01,5190.61
4131,3925.73,3782.79
3457,6130.55,5189.41
3502,5454.05,3388.67
3544,4936.82,3409.83
3583,4980.81,3395.39
3593,5097.88,5323.14
3642,4998.03,5295.18
3450,6257.27,5181.93
3456,6273.02,5174.29
3676,4620.02,5215.09
3463,6157.72,5213.58
3462,6218.82,5206.84
3459,6296.42,5157.87
3551,5179.39,5348.75
3533,5096.1,3369.22
3553,5055.39,3376.02
3465,6164.5,5231.73
3476,6170.82,5237.79
3513,5363,5400.77
3527,5244.01,3350.83
3472,6115.75,5203.35
3474,6107.69,5205.27
3516,5340.27,3356.84
3469,6213.4,5220.02
3470,6120.65,5206.88
3477,6119.73,5217.61
3554,5135.41,3360.88
3478,6140.62,5238.67
3481,5511.75,5432.77
3501,5476.27,5424.67
3473,6243.33,5201.44
3480,6065.62,5226.35
3483,6113.7,5233.86
3532,5367.09,3359.23
3485,6163.85,5252.01
3489,6104.06,5252.86
3574,5273.37,3346.66
3484,6122.6,5260.09
3490,6124.19,5266.65
3564,5307.34,5384.57
3630,4883.97,3426.09
3585,5171.59,3352.35
3488,6183.03,5247.11
3492,6146.96,5269.71
3491,6067.43,5234.01
3497,6066.98,5242.25
3555,5391.95,3363.58
3486,6066.94,5229.31
3547,5433.75,5412.91
3495,6119.06,5277.94
3505,6064.6,5254.31
3496,6092.75,5271.57
3625,5015.29,3382
3493,6023.2,5248.42
3509,5995.32,5257.99
3500,5575.76,5440.44
3523,5545.46,5433.54
3582,5414.37,3370.12
3511,6060,5269.13
3504,6083.99,5286.45
3503,6106.45,5292.59
3506,6016.1,5254.73
3708,4742.68,5233.6
3507,6120.34,5290.36
3515,6053.4,5285.04
3510,6076.57,5298.99
3520,6012.59,5262.77
3512,6086.86,5308.96
3529,5966.59,5270.59
3618,5238.67,5364.48
3514,6065.25,5312.54
3518,6045.34,5300.37
3530,6011.33,5272.87
3608,5204.2,3344.88
3595,5301.32,3345
3517,5630.72,5445.99
3536,5611.54,5440.07
3568,5508.88,5423.01
3519,6049.57,5326.68
3524,6036,5314.62
3534,6010.19,5284.99
3545,5954.85,5279.77
3522,6056.69,5327.71
3674,4881.77,5266.43
3548,5921.66,5283.08
3528,6024.17,5328.6
3538,6008.3,5298.31
3525,6033.65,5338.59
3601,5380.07,5397.52
4715,6008.63,5342.86
3541,6003.97,5312.1
3610,5327.73,3345.45
3526,5666.42,5449.29
3540,5665.14,5444.56
3550,5995.75,5326.09
3535,5990.09,5356.45
3566,5953.89,5288.74
3539,5978.26,5364.53
3581,5584.46,5430.87
3556,5983.94,5340.28
3531,5699.13,5446.58
3637,5234.02,3339.13
3560,5968.44,5354.79
3586,5883.52,5296.1
3578,5954.51,5299.23
3537,5745.49,5442.04
3557,5715.34,5440.75
3620,5352.4,3348.27
3613,5074,3365.63
3621,5101.95,3357.98
3577,5957,5310.68
3562,5947.68,5369.86
3563,5915.87,5387.63
3579,5663.68,5435.59
3543,5792.08,5435.37
3558,5770.78,5435.29
3570,5959.73,5322.11
3552,5888.54,5403.24
3569,5955.56,5334.33
3697,4839.33,3441.12
3705,4776.82,3467.31
3549,5835.3,5424.51
3559,5811.78,5429.74
3645,4951.5,3400.29
3669,4917.02,3411.37
3597,5891.87,5302.21
3840,4139.6,5060.96
3616,5462.01,5408.73
3599,5836.76,5303.86
3561,5843.4,5420.05
3571,5943.9,5348.01
3655,5156.05,5340.08
3565,5863.39,5410.26
3650,5043.36,3369.37
3646,5134.04,3349.1
3640,5374.78,3353.56
3573,5929.3,5362.34
3580,5743.27,5430.91
3567,5811.82,5423.24
3575,5910.96,5376.82
3576,5885.76,5391.95
3572,5850.77,5408.09
3649,5312.43,5378.33
3605,5893.56,5311.16
3584,5793.74,5419.82
3614,5547.06,5418.58
3588,5904.3,5351.72
3589,5920.17,5339.2
3596,5907.78,5331.92
3591,5888.82,5366.08
3587,5828.27,5407.27
3592,5873.8,5380.26
3647,5261.84,3335.53
3590,5854.83,5393.9
3603,5896.25,5321.98
3598,5695.69,5427.57
3604,5626.16,5425.8
3594,5747.45,5424.57
3667,4978.29,3388.63
3600,5775.84,5416.22
3654,5165.32,3340.74
3626,5819.99,5315.04
3631,5788.77,5314.6
3602,5803.15,5405.59
3611,5844.05,5366.15
3615,5867.98,5349.83
3606,5821.28,5394.07
3609,5832.03,5381.08
3696,5059.37,5311.91
3607,5723.87,5420.1
3653,5287.97,3334.25
3633,5840.39,5342.08
3629,5840.58,5318.64
3619,5665.52,5419.86
3638,5748.52,5318.14
3612,5753.92,5411.5
3662,5397.71,5390.72
3617,5779.6,5403.17
3635,5819.43,5331.32
3632,5596.46,5413.9
3624,5779.23,5393.47
3627,5700.67,5412.76
3670,5194.81,3333.76
3636,5779.83,5379.85
3664,5312.57,3335.46
3644,5786.17,5362.13
3628,5735.76,5403.8
3661,5069.82,3358.26
3658,5500.21,5400.93
3688,5229.14,5354.8
3639,5646.15,5411.18
3673,5334.97,3339.3
3678,5098.49,3348.15
3744,4523.59,5184.24
3780,4633.76,3538.27
3807,4536.51,3583.42
3641,5722.18,5392.29
3679,5007.21,3375.37
3648,5773.03,5328.77
3652,5737.78,5325.75
3643,5674.57,5402.6
3692,4881.45,3423.5
3657,5701.52,5324.62
3663,5589.71,5399.16
3651,5759.83,5349.8
3872,4441.54,3640.46
3660,5727.86,5341.52
3656,5710.63,5378
3680,5222.43,3328.65
3666,5662.36,5325.52
3659,5648.67,5389.37
3719,4951.22,5281.03
3665,5695.56,5363.55
3691,4942.19,3398.34
3687,5127.73,3338.74
3686,5248.3,3325.76
3671,5687.85,5335.72
3698,5317.23,5368.79
3693,5035.21,3362.25
3672,5685.04,5352.78
3682,5651.13,5331.15
3694,5272.5,3325.3
3700,5156.18,3330.59
3720,5129.69,5326.15
3677,5626.9,5374.45
3684,5615.97,5328.26
3685,5493.93,5385.95
3695,5409.94,5381.08
3681,5563.8,5382.88
3690,5637.62,5345.46
3707,5062.9,3350.19
3703,5294.75,3327.57
3699,5600.35,5358.03
3689,5578.92,5326.77
3704,4969.89,3384
3820,4241.75,5098.85
3713,4903.85,3411.83
3709,5183.26,3324.16
3702,5595.47,5336.97
3776,4833.6,5246.69
3770,4712.76,3502.13
3786,4619.72,5195.56
3701,5538.22,5368.31
3715,5090.79,3339.26
3717,4998.59,3369.32
3716,5208.78,3319.84
3706,5481.06,5372.92
3712,5564,5330.59
3798,4420.47,5147.26
3711,5533.33,5326.06
3714,5414.24,5370.96
3718,5232.69,3317.89
3723,5118.12,3329.83
3743,5218.19,5339.01
3710,5499.56,5322.44
3727,5524.92,5342.18
3729,4930.62,3396.58
3725,4861.75,3429.55
3732,5026.61,3355.33
3730,5254.72,3318.73
3722,5331.56,5360.43
3753,5021.41,5294.66
3734,4813.51,3452.25
3728,5489.82,5353.09
3733,5144.46,3322.08
3721,5462.76,5361.5
3736,5502.81,5331.33
3742,4960.31,3379.65
3764,4765.53,3476.33
3724,5408.87,5360.45
3739,5053.79,3342.75
3830,4715.38,5209.28
3740,5169.48,3316.41
3726,5425.59,5313.49
3731,5455.61,5318.78
3735,5480.88,5324.33
3749,4888.15,3413.91
3741,5354.87,5356.98
3748,5080.29,3331.72
3745,5193.07,3313.1
3755,4989.77,3363.45
3752,5214.88,3312.56
3806,4911.1,5260.25
3775,5092.26,5305.69
3751,5391.3,5345.6
3768,5270.24,5337.35
3756,5105.94,3322.63
3754,5344.36,5347.49
3763,4842.7,3436.17
3746,5357.42,5300.79
3750,5384.15,5307.4
3758,5416.55,5336.27
3759,5426.85,5327.8
3771,4917.52,3394.6
3757,5405.01,5313.59
3762,5016.89,3349.15
3761,5130.43,3315.53
3791,4793.7,3462.97
3760,5419.77,5320.19
3861,4319.13,5105.05
4380,3827.73,3836.6
3772,5042.75,3336.59
3767,5153.62,3310.85
3777,4953.49,3374.02
3793,5152.74,5310.74
3850,4512.32,5156.01
3773,5175.21,3308.98
3766,5294.89,5284.75
3769,5319.03,5292.63
4308,3789.18,4814.17
3779,5067.63,3325.9
3783,4870.51,3417.66
3774,5336.99,5299.57
3778,5291.62,5329.34
3789,5320.49,5323.86
3819,4982.85,5272.16
3784,4980.58,3358.28
3785,5091.54,3317.4
3782,5347.93,5306
3792,5341.03,5318.02
3787,5350.17,5312.21
3790,5114.43,3311.29
3794,5005.7,3344.35
3811,4826.17,3442.57
3837,4732.39,3500.22
4594,3289.59,4056.69
3781,5237.34,5265.59
3788,5259.56,5274.85
3799,5135.74,3307.98
3804,5193.7,5308.89
3796,5275.85,5282.85
3847,4659.08,3545.01
3795,4924.93,3383.46
3813,4893.18,3400.02
3801,5029.84,3332.2
3803,5285.09,5289.68
3832,5046.56,5281.05
3856,4799.59,5222.15
3802,4946.16,3369.57
3817,5224.79,5304.89
3808,5053.05,3322.18
3877,4581.31,3591.59
3800,5183.92,5243.6
3809,5204.68,5254.24
3810,5285.28,5295.34
3831,4854.1,3421.87
3815,4969.56,3354.89
3812,5075.33,3314.54
3903,4605.17,5168.72
3818,5274.29,5298.93
3814,5220.04,5263.48
3827,5252.94,5301.65
3821,5096.32,3309.79
3848,4780.24,3471.8
3843,5092.57,5282.86
3823,4992.72,3341.48
3822,4912.83,3384
3824,5229.09,5271.34
3974,4286.68,3722.4
4020,4197.21,3748.05
3916,4406.2,5111.18
3816,5133.83,5219.04
3825,5153.34,5231
3829,5015.14,3330
3838,4934.4,3368.35
3828,5229.74,5277.43
3849,5125.88,5279.66
3972,4368.12,3705.07
3864,4876.09,5234.34
3914,4503.01,3641.66
3834,5036.81,3320.84
3835,5168.1,5241.53
3839,5218.63,5280.05
3862,4814.05,3446.94
3846,5057.41,3314.54
3841,4877.87,3402.64
3845,5177.69,5250.74
3844,4956.4,3353.72
3833,5087.23,5192.1
3842,5105.51,5205.17
3860,5159.17,5277.8
3854,5193.05,5278.88
3870,4948.2,5246.8
3930,4221.3,5061.63
3859,4899.65,3385.06
3852,4977.97,3340.85
3851,5180.48,5258.14
3855,5119.29,5217.05
4425,3515.2,4616.06
4434,3600.05,4659.87
3858,5174.05,5262.39
3857,4998.96,3330.22
3921,4691.83,5182.16
3868,4841.65,3424.76
3876,5008.68,5258.17
3853,5043.71,5163.06
3863,5060.91,5177.16
3867,5019.05,3322.4
3865,5128.82,5227.52
4111,4106.45,3781.99
3889,4735.25,3504.49
3891,4682.12,3543.39
3866,4920.91,3368.94
3873,5150.7,5259.91
3987,4124.1,5013.14
3881,4865,3404.83
3875,5073.75,5190.03
3888,5025.07,5249.3
3874,4941.67,3354.71
3871,5133.48,5236.38
3941,4613.03,3598.36
3895,4775.8,3475.26
3906,5057.19,5245.14
3981,4500.16,5122.75
3879,5132.8,5243.41
3880,4961.92,3342.64
3869,5003.34,5133.33
3882,5019.05,5147.66
3899,5097.41,5247.2
3884,5082.65,5201.69
3918,4769.59,5193.46
3890,4981.43,3333.32
3886,5127.66,5247.59
3887,4886.3,3387.04
4003,4300.81,5064.89
3897,4806.14,3449.4
3893,5030.85,5161.01
3926,4844.86,5204.05
3892,5087.63,5211.82
3894,4906.43,3371.41
3902,4831.12,3426.99
3885,4966.07,5103.06
3896,4980.44,5117.72
3936,4928.82,5221.38
3898,5088.96,5220.61
3991,4433.98,3696.42
3908,5089.82,5236.03
3900,4925.95,3357.99
3905,5038.88,5173.32
3956,4543.22,3646.92
4098,4050.07,4955.36
4162,3932.64,4901.48
3904,5087.85,5228.14
3910,4944.76,3347.27
3907,4852.94,3407.53
3909,4991.06,5131.4
3911,5043.26,5184.47
3901,4931.48,5072.06
3912,4944.77,5087.18
3913,4872.62,3390.57
3966,4934.81,5199.4
3927,4741.36,3502.62
3940,4700.5,3536.69
3970,4653.2,3579.06
3920,5044.64,5194.33
3922,4997.99,5143.92
3919,4891.34,3375.97
3923,4773.74,3474.81
3925,4954.42,5101.33
3928,4800.04,3450.23
3924,5043.62,5203.08
3939,5030.92,5214.2
3947,4997.74,5209.82
3931,4909.34,3364.01
3917,4899.21,5040.34
3929,4911.59,5055.92
3932,4821.67,3429.56
4002,4592.51,5140
3934,5041.25,5210.83
3933,5001.32,5155.21
3938,4840.69,3411.7
3942,4960.39,5114.15
3945,5001.35,5165.27
3944,4920.48,5070.56
3943,4858.5,3396.17
4001,4482.23,3695.29
4492,3723,3901.44
4089,4385.92,5065.17
3937,4868.69,5007.69
3946,4880.41,5023.8
3990,4669.22,5152.8
4008,4736.05,5158.72
3951,4875.56,3383.2
3953,4999.15,5174.46
3949,4962.6,5125.49
3948,4773.45,3472.2
3955,4747.18,3498.02
3958,4996.68,5183.4
3959,4925.9,5083.98
4012,4810.15,5163.19
3969,4714.54,3528.67
3952,4794.1,3451.44
3960,4888.82,5039.11
4049,4204.44,5021.34
3957,4811.32,3434.12
3963,4961.02,5135.28
3964,4995.88,5191.64
4298,4017.71,3824.74
3950,4839.68,4974.38
3962,4850.84,4990.94
3961,4827.73,3418.19
3985,4961.32,5181.22
3996,4677.31,3565.08
4011,4564.82,3658.56
4016,4607.8,3627.58
3968,4927.45,5095.66
3971,4843.69,3404.46
3975,4893.99,5053.29
3977,4956.29,5143.84
3976,4858.87,5006.83
4018,4903.71,5163.81
3965,4773.35,3469.65
3978,4753.35,3491.08
3982,4924.67,5105.21
3967,4811.91,4940.46
3979,4822.59,4957.43
3973,4785.42,3456.94
3986,4950.29,5152.2
4557,3361.83,4419.1
3994,4726.16,3519.48
4036,4515.4,3700.01
3980,4799.38,3441.75
3993,4948.2,5163.02
3984,4895.45,5065.61
3997,4863.97,5021.82
3995,4813.87,3427.67
3998,4830.32,4973.91
4004,4917.52,5112.63
3988,4761.97,3481.17
4054,4820.05,5137.01
3983,4785.25,4905.97
3999,4795.52,4923.35
4005,4892.54,5075.53
4015,4694.92,3552.49
4027,4638.92,3606.61
4065,4379.62,3754.31
4080,4316.42,3770.7
4000,4773.1,3466.86
4133,4244.52,3793.29
4007,4865.87,5035.25
4013,4835.31,4989.58
4022,4906.5,5118.45
4009,4737.21,3508.71
4017,4802.9,4940.28
4014,4786.18,3452.77
4092,4500.34,5089.28
4024,4884.4,5082.29
4006,4759.35,4870.57
4019,4769.41,4888.57
4023,4863.94,5046.33
4030,4890.23,5138.92
4028,4893.68,5124.79
4109,4131.7,4983.45
4021,4748.38,3495.36
4459,3469.19,4561.78
4062,4589.39,5117.91
4067,4636.53,5118.14
4070,4430.2,3745.52
4506,3514.9,3922.51
4029,4709.45,3539.75
4039,4661.74,3589.8
4026,4837.62,5004.12
4031,4807.73,4956.58
4033,4776.61,4906.09
4034,4759.75,3480.99
4076,4468.29,3745.01
4145,4269.58,5019.34
4043,4870.41,5085.71
4037,4856.71,5053.56
4025,4734,4834.28
4035,4744,4852.98
4038,4837.14,5016.95
4084,4686.04,5114.29
4041,4722.42,3526.29
4509,3603.39,3914.83
4051,4572.78,3675.48
4064,4536.85,3706.82
4112,4720.21,5101.01
4042,4810.09,4971.97
4046,4679.75,3574.5
4055,4604,3650.65
4044,4781.22,4922.9
4079,4817.28,5110.2
4045,4751.21,4871.26
4225,4169.34,3823.23
4050,4734.77,3511.7
4059,4849.45,5086.27
4048,4833.06,5026.65
4056,4842.72,5055.92
4040,4708.89,4797.01
4047,4719,4816.52
4052,4810.39,4986.33
4060,4629.34,3630.36
4081,4816.53,5084.3
4058,4695.07,3559.56
4057,4783.3,4938.77
4481,3419.59,4506.12
4061,4755.84,4888.7
4063,4726.54,4835.9
4095,4497.46,3751.16
4069,4821.77,5029.77
4066,4809.25,4999.32
4072,4649.78,3612.36
4053,4683.78,4758.7
4068,4694.08,4779.08
4074,4708.8,3543.94
4073,4783.41,4953.91
4088,4820.7,5053.42
4075,4757.71,4904.92
4078,4731.54,4854.26
4083,4666.96,3595.39
4082,4702.05,4799.65
4077,4807.36,5009.36
4199,4181.16,4980.23
4086,4575.01,3694.31
4090,4547.77,3718.02
4085,4782.64,4968.79
4071,4658.73,4719.13
4087,4669.09,4740.49
4140,4733.81,5078.24
4091,4599.79,3672.54
4100,4801.19,5025.71
4096,4757.1,4920.05
4102,4681.8,3578.37
4119,4788.02,5045.28
4103,4620.99,3652.59
4093,4733.61,4871
4130,4549.57,5083.56
4101,4707.85,4819.52
4105,4522.77,3741.04
4138,4389.96,3796.32
4169,4340.13,3815.27
4099,4782.9,4984.12
4156,4589.6,5075.47
4106,4677.42,4762.4
4104,4788.38,5002.44
4143,4427.86,3789.16
4094,4633.97,4677.88
4108,4644.12,4700.27
4107,4639.09,3633.74
4110,4754.95,4934.88
4113,4732.62,4885.92
4136,4457.12,3792.2
4716,4710.96,4837.64
4144,4739.02,5052.79
4229,4280.51,3837.15
4167,4737.57,5025.9
4116,4684.08,4784.11
4121,4654.5,3615.13
4187,4624.21,5063.1
4118,4753.38,4950.93
4115,4550.99,3736.39
4117,4573.79,3715.18
4123,4652.52,4723.67
4127,4771.69,5016.17
4208,4408.61,5036.14
4241,4317.35,5006.76
4120,4527.51,3756.99
4122,4594.43,3694.47
4194,4477.64,5053.5
4124,4710.59,4852.83
4114,4609.89,4634.7
4129,4619.56,4658.16
4128,4504.1,3775.32
4139,4477.81,3800.67
4134,4728.65,4899.3
4248,4101.15,4942.29
4328,4013.55,4896.25
4126,4755.06,4969.69
4132,4761.17,4991.45
4125,4688.73,4804.49
4135,4612.42,3674.25
4142,4659.67,4747.36
4148,4627.75,3654.29
4149,4627.55,4682.85
4150,4722.9,4912.92
4343,4094.4,3862.44
4209,4647.31,5044.1
4151,4705.95,4864.74
4137,4586.85,4589.52
4155,4595.79,4613.93
4146,4529.87,3777.95
4147,4550.83,3758.15
4152,4665.67,4770.62
4154,4570.26,3737.43
4160,4720.66,4931.35
4174,4731.81,4999.68
4153,4508.7,3795.5
4161,4587.6,3716.53
4165,4634.6,4708.45
4141,4690.72,4821.89
4163,4687.52,4833.59
4164,4670.53,4792.13
4168,4723.21,4953.73
4171,4727.06,4976.16
4157,4490.13,3809.09
4173,4602.92,4639.63
4215,4505.19,5041.19
4432,3932.42,3876.42
4299,4217.98,3861.26
4178,4696.84,4874.26
4172,4602.34,3695.55
4182,4448.35,3837.84
4192,4423.39,3832.06
4159,4565.37,4542.67
4175,4573.23,4567.61
4186,4398.95,3826.78
4227,4363.91,3849.78
4189,4469.82,3840.79
4213,4659.16,5018.33
4170,4673.86,4809.02
4177,4641.15,4734.56
4228,4669.81,4993.76
4296,4229.62,4972.38
4176,4529.91,3802.03
4180,4510.08,3820.61
4179,4548.3,3781.63
4191,4609.23,4666.76
4196,4682.08,4883.42
4190,4678,4839.8
4185,4647.68,4760.41
4184,4489.73,3835.11
4183,4564.75,3760.37
4198,4579.18,4593.99
4262,4537.12,5026.88
4456,3715.98,4714.1
4181,4545.77,4494.43
4197,4552.41,4519.61
4201,4686.6,4913.35
4195,4578.67,3738.59
4421,3916.36,4833.89
4193,4664.2,4810.61
4188,4654.68,4785.17
4204,4615.36,4695.21
4496,3379.19,4464.68
4234,4680.51,4974.1
4206,4688.43,4936.07
4292,4311.38,3886.19
4221,4686.17,4955.22
4217,4584.13,4622.01
4220,4556.89,4546.14
4202,4528.2,3827.37
4203,4510.44,3848.02
4211,4622.2,4724.71
4222,4662.4,4841.8
4205,4543.78,3805.71
4207,4490.5,3866.47
4200,4528.43,4445.44
4212,4533.74,4470.49
4232,4444.2,3883.91
4236,4418,3879.42
4214,4556.87,3783.37
4223,4468.42,3879.66
4218,4630.44,4754.39
4233,4390.51,3869.18
4288,4565.84,5011.12
4717,4640.25,4783.12
4216,4650.31,4810.78
4718,4588.95,4652.08
4281,4426.18,5011.78
4253,4647.36,4871.01
4259,4637.44,4835.64
4238,4536.6,4496.56
4239,4560.05,4574.39
4330,4152.54,4937.46
4219,4513.5,4396.38
4231,4517.54,4420.97
4244,4657.68,4900.63
4224,4509.89,3875.07
4226,4524.7,3852.74
4230,4492.32,3897.49
4247,4594.73,4684.3
4235,4536.88,3829.74
4254,4650.1,4913.19
4243,4470.9,3918.99
4320,4346.01,4985.07
4719,4581.3,4987.11
4588,3289.83,4333.7
4255,4602.8,4718.52
4256,4518.83,4446.05
4720,4584.46,4948.52
4312,4452.48,4990.58
4240,4627.21,4782.94
4242,4629.65,4803.76
4258,4562.75,4604.96
4249,4614.24,4753.28
4237,4500.88,4347.6
4246,4503.94,4371.95
4264,4537.77,4524.32
4273,4639.4,4927.29
4270,4444.7,3933.79
4245,4507.72,3901.26
4250,4494.04,3924.25
4359,4156.57,3895.12
4251,4518.81,3877.78
4295,4353.4,3907.17
4303,4618.8,4937.58
4325,4253.65,3898.9
4257,4476.56,3952.81
4268,4503.92,4395.61
4283,4415.74,3933.26
4287,4386,3921.82
4252,4489.91,4298.2
4261,4492.76,4324.34
4280,4517.96,4472.55
4282,4537.92,4554.47
4277,4601.98,4761.89
4349,4266.05,4957.24
4290,4598.93,4786.82
4285,4451.88,3984.4
4297,4616.16,4865.9
4260,4493.24,3950.13
4263,4502.79,3927.83
4278,4492.14,4347.05
4279,4566.21,4638.55
4291,4572.05,4675.81
4381,4080.31,4896.18
4293,4582.71,4717.52
4266,4482.66,3969.23
4265,4480.5,4246.6
4275,4482.52,4275.57
4306,4604.52,4823.59
4307,4613.37,4889.74
4294,4501.17,4419.98
4286,4466.14,4022.98
4305,4538.15,4587.85
4269,4481.22,3996.08
4271,4488.37,3982.4
4284,4484.19,4306.05
4336,4486.63,4974.45
4302,4515.46,4501.36
4272,4475.23,4201.99
4289,4471.71,4211.71
4585,3389.42,4016.88
4300,4487.8,4367.68
4276,4473.64,4055.6
4314,4416.36,4003.28
4274,4470.65,4149.08
4323,4588.29,4889.23
4309,4459.46,4127.72
4301,4473.02,4266.98
4319,4559.68,4724.97
4304,4478.22,4316.87
4315,4539.95,4625.51
4310,4496.18,4446.6
4356,4368.75,4959.07
4316,4512.17,4533.31
4321,4385.01,3978.47
4322,4435.48,4074.95
4326,4353.47,3964.81
4341,4519.69,4965.89
4311,4457.9,4214.46
4332,4561.16,4768.72
4324,4545.63,4669.28
4344,4315.69,3953.04
4353,4273.1,3944.19
4313,4480.6,4391.11
4376,4192.88,4928.27
4334,4573.92,4849.2
4340,4566.96,4810.36
4436,4021.2,3910.74
4364,4204.36,3922.46
4317,4469,4335.35
4318,4461.46,4278.24
4331,4489.55,4476.24
4348,4551.54,4887.94
4333,4509.21,4569.45
4472,3833.35,4758.54
4327,4438.31,4165.84
4337,4471.11,4417.86
4335,4441.73,4236.94
4391,4392.6,4925.22
4338,4457.14,4358.89
4342,4380.02,4037.52
4347,4400.64,4081.02
4351,4508.19,4611.11
4350,4482.03,4509.74
4339,4447.54,4299.25
4360,4516.56,4709.29
4361,4511.35,4659.41
4387,4290.73,4934.46
4345,4358.11,4011.28
4346,4413.72,4139.85
4366,4534.1,4839.62
4375,4235.58,3944.66
4371,4322.73,4018.46
4352,4419.77,4201.76
4443,4003.32,4843.9
4399,4132.37,4900.72
4357,4459.71,4448.02
4367,4521.11,4754.83
4370,4474.5,4548.19
4373,4525.93,4796.95
4355,4423.97,4262.51
4383,4453.61,4922.31
4362,4442.75,4385.76
4358,4431.06,4323.82
4354,4512.39,4929.71
4365,4349.12,4058.2
4372,4370.13,4093.7
4427,4096.25,3941.21
4382,4280.48,3999.06
4368,4399.78,4178.79
4369,4386.92,4137.51
4377,4499.3,4880.33
4397,4485.74,4828.36
4404,4221.43,4911.74
4379,4446.75,4482.26
4389,4468.61,4593.51
4374,4399.88,4227.16
4394,4242.45,3985.19
4408,4437.45,4869.84
4378,4403.09,4286.42
4412,4306.12,4902.8
4388,4425.8,4415.64
4385,4411.41,4349.97
4413,4158.32,3962.51
4392,4476.89,4699.14
4396,4469.83,4646.72
4615,3227.2,4261.06
4402,4205.19,3974.52
4384,4344.63,4104.56
4393,4318.89,4084.54
4400,4480.56,4782.6
4398,4480.24,4742.26
4386,4377.75,4188.36
4390,4358.72,4144.04
4401,4432.36,4521.97
4407,4283.46,4059.22
4395,4374.39,4245.34
4416,4157.24,4885.44
4423,4425.71,4813.67
4406,4377.6,4309.73
4409,4406.07,4448.86
4505,3851.21,3938.28
4444,4081.27,4851.93
4411,4245.79,4035.45
4426,4374.55,4864.51
4405,4326.14,4142.9
4410,4388.15,4378.17
4403,4346.54,4197.66
4428,4237.61,4886.36
4419,4415.91,4572.33
4442,4307.52,4858.34
4414,4444.06,4694.55
4422,4430.31,4644.99
4420,4287.34,4124.4
4417,4215.31,4014.84
4418,4341.53,4262.95
4424,4424.69,4762.49
4415,4433.99,4722.89
4430,4382.74,4485.36
4438,4176.37,4019.28
4429,4300.97,4202.54
4439,4185.73,4874.19
4431,4347.19,4335.21
4435,4246.03,4094.37
4445,4360.62,4804.55
4433,4360.98,4408.89
4441,4207.75,4061.07
4450,4240.96,4849.19
4460,4112.49,4024.25
4440,4400.1,4661.44
4452,4375.66,4691.4
4461,4131.74,4841.49
4449,4302.84,4287.14
4448,4375.9,4593.88
4451,4352.19,4518.3
4447,4249.03,4163.12
4477,3928.62,4784.81
4457,4347.98,4733.06
4523,3560.88,4588.43
4462,4297.02,4802.97
4478,4035.72,3994.12
4455,4182.41,4841.89
4465,4253.83,4239.55
4453,4329.49,4440.55
4454,4312.74,4364.24
4493,3951.81,3967.6
4532,3667.03,4629.69
4458,4203.48,4123.49
4606,3274.92,4068.98
4464,4160.46,4079.84
4463,4341.88,4618.91
4466,4235.41,4801.73
4476,4002.24,4796.25
4483,4063.96,4795.44
4473,4282.52,4739.97
4571,3489.34,3980.45
4475,4203.22,4194.55
4467,4315.96,4545.54
4468,4261.41,4318.04
4471,4178.23,4800.28
4470,4293.84,4470.56
4474,4306.69,4647.16
4469,4275.22,4394.91
4480,4121.98,4796.23
4522,3777.77,4678.92
4488,4261.33,4669.2
4479,4155.31,4148.46
4545,3502.65,4521.5
4486,4108.57,4103.37
4495,4052.89,4070.65
4482,4222.95,4745.36
4484,4278.07,4571.92
4485,4206.29,4271.78
4491,4167.36,4751
4490,4254.94,4498.07
4487,4218.49,4350.27
4489,4236.27,4424.88
4494,4123.17,4758.45
4514,3874.51,4721.51
4498,4206.66,4681.8
4497,4236.53,4596.16
4499,4152.23,4220.85
4502,3944.3,4750.88
4507,3994.22,4746.7
4516,3980.8,4051.78
4503,4104.91,4169.01
4508,4054.46,4736.38
4554,3436.68,4465.44
4510,4150.33,4691.88
4500,4213.7,4524
4511,4149.45,4306.92
4512,4066.49,4128.76
4504,4183.35,4384.43
4515,4189.06,4614.62
4501,4192.89,4450.01
4513,4095.81,4705.27
4550,3782.43,4013.41
4559,3670.89,3994.09
4536,3890.58,4035.95
4518,4014.53,4122.75
4517,4171.65,4547.91
4520,4135.29,4627.15
4519,4095.19,4234.1
4521,4149.41,4478.25
4526,4120.88,4389.15
4524,3924.22,4701.66
4525,4052.82,4178.73
4570,3572.53,3986.44
4529,3978.3,4696.25
4533,4005.82,4653.12
4528,4075.64,4638.03
4534,4070.8,4297.12
4542,3841.06,4650.77
4527,4124.43,4563.28
4543,3940.41,4120.76
4531,4118.21,4509.29
4540,3995.12,4186.45
4537,4042.01,4231.66
4539,4067.35,4570.99
4538,4080.47,4447.72
4556,3736.58,4595.32
4569,3612.61,4537.86
4546,3915,4640.58
4547,4021.05,4358.46
4541,4066.62,4507.63
4548,4001.1,4577.16
4608,3358.91,4050.61
4555,3922.2,4575.26
4549,3997.39,4261.69
4600,3362.69,4361.07
4567,3837.66,4125
4553,4008.14,4442.28
4551,4002.75,4510.51
4558,3924.88,4203.23
4565,3820.33,4563.51
4629,3274.84,4086.24
4580,3518.15,4465.6
4566,3939.08,4377.5
4568,3931.74,4292.63
4563,3934.63,4512.71
4578,3721.75,4087.08
4564,3940.27,4450.38
4601,3456.62,4030.66
4591,3439.56,4411.72
4572,3858.16,4501.95
4579,3702.29,4507.92
4576,3848.07,4232.76
4586,3622.21,4062.78
4610,3276.74,4304.2
4637,3215.17,4237.18
4623,3246.33,4273.66
4573,3884.96,4458.93
4574,3873.51,4398.75
4582,3768.66,4469.92
4577,3861.06,4321.39
4584,3756.14,4182.05
4590,3601.87,4453.14
4593,3534.06,4045.6
4581,3819.81,4429.14
4583,3797.2,4353.85
4622,3327.69,4073.62
4587,3777.8,4271.9
4598,3661.32,4145.87
4592,3674.98,4424.93
4604,3516.38,4400.65
4589,3737.78,4389.72
4596,3714.33,4310.96
4599,3690.73,4229.7
4619,3418.43,4072.49
4607,3572.51,4118.58
4617,3325.64,4315.79
4603,3652.64,4347.69
4605,3587.65,4378.92
4613,3442.21,4354.94
4614,3490.49,4095.83
4634,3299.37,4084.53
4630,3219.67,4245.73
4609,3630.54,4271.75
4631,3233.27,4252
4611,3604.54,4195.13
4625,3383.54,4315.76
4624,3267.53,4286.42
4612,3571.11,4308.07
4616,3509.3,4336.59
4621,3521.94,4166.65
4636,3375.39,4100.51
4618,3550.01,4237.85
4628,3299.29,4289.3
4626,3496.58,4273.82
4627,3441.82,4300.62
4633,3438.37,4141.62
4640,3252.66,4260.62
4638,3341.36,4286.01
4635,3474.97,4210.58
4654,3271.82,4102.98
4649,3331.54,4115.6
4639,3275.65,4272.38
4642,3386.94,4272.52
4641,3431.71,4247.41
4645,3308.1,4266.17
4656,3295.91,4108.14
4648,3232.79,4241.8
4655,3253.74,4245.97
4664,3267.84,4116.56
4647,3410.22,4195.12
4650,3375.57,4150.09
4658,3227.29,4232.09
4651,3343.58,4252.72
4652,3279.24,4253.22
4653,3378.56,4229.86
4660,3221.36,4224.76
4674,3224.47,4217.61
4661,3308.17,4239.58
4676,3267.64,4127.12
4659,3360.45,4190.23
4665,3247.43,4232.89
4662,3335.33,4157.36
4666,3309.27,4135.9
4663,3336.77,4219.25
4669,3275.72,4230.55
4667,3286.81,4125.08
4683,3227.33,4210.03
4671,3236.69,4223.91
4670,3324.09,4188.63
4672,3303.79,4212.51
4673,3308.71,4163.62
4682,3279.65,4141.63
4677,3256.97,4219.18
4675,3295.03,4146.28
4688,3228.96,4204.6
4681,3278.72,4207.23
4679,3297.21,4187.67
4684,3241.62,4213.58
4680,3289.12,4165.54
4687,3274.17,4145.05
4686,3259.74,4204.24
4692,3229.39,4201.86
4685,3276.88,4187.37
4689,3275.87,4166.42
4690,3243.18,4204.35
4691,3259.35,4192.48
4693,3240.3,4200.43
